player,tm,Wins,Loss,Games Played,Minutes Played,Total Points,PPG,Total Assists,APG,FGA,FGM,FG%,3PA,3PM,3P%,FTA,FTM,FT%,Rebounds,RPG,Total Steals,STLpg,Blocks,BLKpg,Personal Fouls,Turnovers
Jayson Tatum,BOS,34,15,49,1779.51,1301,26.55,277,5.65,968,437,45.14,488,174,35.66,316,253,80.06,424,8.65,60,1.22,26,0.53,108,140
Anthony Davis,LAL,24,18,42,1439.52,1081,25.74,141,3.36,757,400,52.84,94,28,29.79,321,253,78.82,498,11.86,54,1.29,90,2.14,82,93
Derrick White,BOS,35,14,49,1647.15,789,16.1,203,4.14,614,271,44.14,432,164,37.96,101,83,82.18,206,4.2,43,0.88,57,1.16,93,76
Jrue Holiday,BOS,31,13,44,1330.46,483,10.98,162,3.68,402,176,43.78,225,77,34.22,60,54,90.0,194,4.41,43,0.98,19,0.43,69,59
Miles McBride,NYK,28,13,41,953.91,375,9.15,112,2.73,322,136,42.24,188,69,36.7,41,34,82.93,98,2.39,35,0.85,7,0.17,59,29
Rui Hachimura,LAL,25,17,42,1345.51,537,12.79,64,1.52,405,204,50.37,161,68,42.24,79,61,77.22,214,5.1,35,0.83,21,0.5,78,38
Jaylen Brown,BOS,31,14,45,1591.96,1043,23.18,215,4.78,837,387,46.24,272,89,32.72,242,180,74.38,274,6.09,53,1.18,12,0.27,117,118
Rudy Gobert,MIN,29,23,52,1730.27,557,10.71,95,1.83,334,217,64.97,0,0,,182,123,67.58,540,10.38,37,0.71,81,1.56,125,70
Julius Randle,MIN,27,21,48,1563.54,905,18.85,214,4.46,673,316,46.95,221,71,32.13,249,202,81.12,344,7.17,35,0.73,11,0.23,122,136
Al Horford,BOS,27,13,40,1048.13,314,7.85,77,1.92,282,115,40.78,200,70,35.0,16,14,87.5,210,5.25,24,0.6,34,0.85,57,29
Jalen Brunson,NYK,33,17,50,1763.69,1304,26.08,376,7.52,922,451,48.92,292,116,39.73,352,286,81.25,145,2.9,48,0.96,4,0.08,109,121
Anthony Edwards,MIN,29,22,51,1873.16,1388,27.22,231,4.53,1045,466,44.59,504,212,42.06,289,244,84.43,295,5.78,58,1.14,35,0.69,101,176
Karl-Anthony Towns,NYK,32,14,46,1596.99,1119,24.33,153,3.33,759,404,53.23,213,90,42.25,263,221,84.03,626,13.61,44,0.96,37,0.8,160,115
Austin Reaves,LAL,28,16,44,1525.12,816,18.55,268,6.09,603,268,44.44,310,112,36.13,197,168,85.28,188,4.27,50,1.14,8,0.18,86,108
Josh Hart,NYK,33,17,50,1878.7,715,14.3,289,5.78,495,276,55.76,166,57,34.34,130,106,81.54,483,9.66,77,1.54,18,0.36,129,95
Nickeil Alexander-Walker,MIN,29,23,52,1242.12,448,8.62,125,2.4,367,161,43.87,222,88,39.64,52,38,73.08,151,2.9,31,0.6,15,0.29,88,63
LeBron James,LAL,28,18,46,1594.86,1125,24.46,416,9.04,838,432,51.55,256,100,39.06,210,161,76.67,358,7.78,40,0.87,24,0.52,64,174
Jaxson Hayes,LAL,18,10,28,487.12,155,5.54,27,0.96,92,61,66.3,2,0,0.0,44,33,75.0,113,4.04,15,0.54,26,0.93,60,20
Mikal Bridges,NYK,34,17,51,1955.25,928,18.2,166,3.25,769,380,49.41,339,122,35.99,62,46,74.19,158,3.1,50,0.98,27,0.53,74,80
Cameron Payne,NYK,32,13,45,641.77,322,7.16,114,2.53,267,112,41.95,167,65,38.92,37,33,89.19,64,1.42,27,0.6,11,0.24,74,29
Naz Reid,MIN,28,23,51,1324.16,714,14.0,97,1.9,548,265,48.36,271,113,41.7,89,71,79.78,267,5.24,40,0.78,44,0.86,118,61
Jericho Sims,NYK,25,14,39,421.69,64,1.64,22,0.56,46,28,60.87,0,0,,13,8,61.54,129,3.31,8,0.21,10,0.26,46,21
Luke Kornet,BOS,30,16,46,778.78,236,5.13,72,1.57,147,95,64.63,0,0,,61,46,75.41,227,4.93,23,0.5,43,0.93,67,19
Sam Hauser,BOS,29,14,43,855.04,322,7.49,43,1.0,262,115,43.89,226,90,39.82,2,2,100.0,126,2.93,29,0.67,8,0.19,46,16
Donte DiVincenzo,MIN,21,19,40,1057.17,440,11.0,144,3.6,373,148,39.68,279,103,36.92,50,41,82.0,147,3.68,48,1.2,7,0.18,62,71
D'Angelo Russell,LAL,22,21,43,1105.4,558,12.98,221,5.14,471,189,40.13,255,85,33.33,109,95,87.16,120,2.79,42,0.98,17,0.4,82,80
Dalton Knecht,LAL,29,19,48,993.97,452,9.42,42,0.88,353,164,46.46,215,77,35.81,57,47,82.46,147,3.06,16,0.33,3,0.06,63,24
OG Anunoby,NYK,32,17,49,1777.72,802,16.37,99,2.02,627,302,48.17,282,103,36.52,120,95,79.17,231,4.71,69,1.41,43,0.88,113,64
Xavier Tillman,BOS,18,2,20,158.54,23,1.15,6,0.3,35,9,25.71,19,4,21.05,2,1,50.0,34,1.7,5,0.25,3,0.15,13,6
Ariel Hukporti,NYK,13,6,19,149.19,34,1.79,8,0.42,20,14,70.0,0,0,,11,6,54.55,35,1.84,0,0.0,12,0.63,19,11
Mike Conley,MIN,28,19,47,1179.28,387,8.23,216,4.6,329,122,37.08,218,85,38.99,64,58,90.62,126,2.68,58,1.23,9,0.19,67,51
Pacome Dadiet,NYK,10,3,13,83.08,19,1.46,5,0.38,20,6,30.0,14,5,35.71,2,2,100.0,13,1.0,1,0.08,2,0.15,5,1
Jaden McDaniels,MIN,29,23,52,1635.21,571,10.98,89,1.71,486,224,46.09,198,67,33.84,70,56,80.0,285,5.48,74,1.42,46,0.88,152,59
Gabe Vincent,LAL,26,16,42,853.18,226,5.38,53,1.26,208,85,40.87,144,51,35.42,10,5,50.0,53,1.26,28,0.67,10,0.24,87,26
Tyler Kolek,NYK,18,10,28,145.97,53,1.89,22,0.79,47,18,38.3,28,11,39.29,6,6,100.0,15,0.54,7,0.25,1,0.04,12,9
Jordan Walsh,BOS,25,10,35,276.33,56,1.6,11,0.31,56,20,35.71,39,11,28.21,10,5,50.0,40,1.14,9,0.26,8,0.23,18,9
Joe Ingles,MIN,7,5,12,58.22,10,0.83,13,1.08,9,4,44.44,5,2,40.0,0,0,,4,0.33,1,0.08,0,0.0,8,5
Neemias Queta,BOS,27,13,40,579.82,206,5.15,27,0.68,132,87,65.91,2,0,0.0,44,32,72.73,148,3.7,13,0.32,28,0.7,71,25
Bronny James,LAL,11,5,16,64.19,14,0.88,7,0.44,24,4,16.67,10,1,10.0,7,5,71.43,7,0.44,4,0.25,2,0.12,6,5
Jacob Toppin,NYK,12,4,16,48.62,6,0.38,4,0.25,10,3,30.0,2,0,0.0,0,0,,11,0.69,2,0.12,0,0.0,3,2
Payton Pritchard,BOS,35,16,51,1411.46,707,13.86,175,3.43,528,248,46.97,388,161,41.49,59,50,84.75,187,3.67,45,0.88,10,0.2,84,52
Max Christie,LAL,28,20,48,1215.77,420,8.75,73,1.52,309,139,44.98,170,64,37.65,94,78,82.98,138,2.88,36,0.75,22,0.46,76,41
LaMelo Ball,CHO,12,20,32,1067.63,897,28.03,236,7.38,747,311,41.63,391,132,33.76,174,143,82.18,167,5.22,43,1.34,10,0.31,110,118
Lauri Markkanen,UTA,7,31,38,1218.81,733,19.29,64,1.68,559,237,42.4,322,113,35.09,169,146,86.39,236,6.21,28,0.74,15,0.39,68,53
Trae Young,ATL,22,26,48,1731.22,1116,23.25,546,11.38,845,343,40.59,413,140,33.9,339,290,85.55,153,3.19,61,1.27,10,0.21,94,224
Paolo Banchero,ORL,6,13,19,634.86,424,22.32,94,4.95,353,151,42.78,100,29,29.0,147,93,63.27,136,7.16,14,0.74,15,0.79,42,59
Onyeka Okongwu,ATL,20,25,45,1129.86,547,12.16,91,2.02,382,218,57.07,73,21,28.77,121,90,74.38,359,7.98,37,0.82,37,0.82,106,45
Evan Mobley,CLE,38,8,46,1382.23,849,18.46,133,2.89,575,326,56.7,130,50,38.46,192,147,76.56,414,9.0,39,0.85,68,1.48,92,87
Cam Thomas,BRK,8,11,19,614.16,469,24.68,65,3.42,337,151,44.81,144,54,37.5,129,113,87.6,68,3.58,14,0.74,1,0.05,36,51
Alperen Sengun,HOU,23,12,35,1098.39,657,18.77,175,5.0,532,260,48.87,52,11,21.15,168,126,75.0,366,10.46,43,1.23,32,0.91,98,86
Damian Lillard,MIL,24,19,43,1558.24,1075,25.0,319,7.42,740,330,44.59,387,147,37.98,291,268,92.1,200,4.65,50,1.16,9,0.21,76,122
Brandon Ingram,NOP,5,13,18,595.01,400,22.22,93,5.17,333,155,46.55,115,43,37.39,55,47,85.45,100,5.56,16,0.89,11,0.61,45,69
Giannis Antetokounmpo,MIL,24,18,42,1467.71,1328,31.62,251,5.98,876,531,60.62,32,6,18.75,451,260,57.65,518,12.33,33,0.79,57,1.36,103,145
Pascal Siakam,IND,29,21,50,1655.07,1035,20.7,171,3.42,751,401,53.4,212,88,41.51,190,145,76.32,369,7.38,45,0.9,23,0.46,130,65
Walker Kessler,UTA,10,30,40,1208.7,447,11.18,62,1.55,273,193,70.7,7,2,28.57,109,59,54.13,476,11.9,23,0.57,95,2.38,90,60
Franz Wagner,ORL,18,15,33,1081.82,818,24.79,168,5.09,635,292,45.98,210,67,31.9,191,167,87.43,177,5.36,48,1.45,15,0.45,81,74
Stephen Curry,GSW,19,23,42,1342.72,954,22.71,258,6.14,744,321,43.15,458,178,38.86,142,134,94.37,189,4.5,45,1.07,21,0.5,54,123
Cade Cunningham,DET,24,23,47,1676.87,1203,25.6,444,9.45,994,450,45.27,302,107,35.43,232,196,84.48,296,6.3,46,0.98,35,0.74,125,208
Ja Morant,MEM,21,9,30,850.77,620,20.67,225,7.5,470,213,45.32,147,48,32.65,179,146,81.56,125,4.17,40,1.33,9,0.3,56,118
Santi Aldama,MEM,30,13,43,1057.41,544,12.65,109,2.53,436,213,48.85,200,74,37.0,63,44,69.84,290,6.74,35,0.81,23,0.53,45,47
Bradley Beal,PHO,17,20,37,1197.45,642,17.35,127,3.43,491,243,49.49,187,75,40.11,100,81,81.0,125,3.38,41,1.11,23,0.62,98,73
CJ McCollum,NOP,10,28,38,1267.55,836,22.0,145,3.82,699,313,44.78,312,117,37.5,129,93,72.09,137,3.61,30,0.79,20,0.53,88,66
Caris LeVert,CLE,33,5,38,904.12,388,10.21,140,3.68,298,135,45.3,148,60,40.54,83,58,69.88,107,2.82,33,0.87,19,0.5,48,51
Nikola Vučević,CHI,21,30,51,1644.78,995,19.51,181,3.55,745,407,54.63,236,93,39.41,109,88,80.73,530,10.39,47,0.92,35,0.69,123,81
Buddy Hield,GSW,25,26,51,1195.74,597,11.71,86,1.69,518,214,41.31,356,132,37.08,45,37,82.22,167,3.27,43,0.84,15,0.29,92,63
Donovan Mitchell,CLE,39,10,49,1534.0,1177,24.02,232,4.73,918,414,45.1,457,180,39.39,201,169,84.08,213,4.35,70,1.43,10,0.2,100,98
Jarrett Allen,CLE,42,10,52,1504.23,708,13.62,105,2.02,413,288,69.73,2,0,0.0,177,132,74.58,535,10.29,48,0.92,50,0.96,76,60
Tre Mann,CHO,6,7,13,318.98,183,14.08,39,3.0,161,70,43.48,60,24,40.0,21,19,90.48,38,2.92,7,0.54,4,0.31,24,25
Jalen Duren,DET,25,24,49,1254.83,526,10.73,116,2.37,315,220,69.84,0,0,,128,86,67.19,492,10.04,32,0.65,57,1.16,160,94
Desmond Bane,MEM,26,14,40,1202.75,717,17.92,218,5.45,548,273,49.82,224,86,38.39,99,85,85.86,227,5.68,48,1.2,17,0.42,94,99
Ty Jerome,CLE,40,9,49,931.8,553,11.29,166,3.39,395,204,51.65,165,71,43.03,83,74,89.16,121,2.47,57,1.16,1,0.02,72,60
Taurean Prince,MIL,28,23,51,1305.87,387,7.59,102,2.0,306,139,45.42,198,90,45.45,24,19,79.17,184,3.61,40,0.78,7,0.14,104,48
Jalen Green,HOU,32,19,51,1693.23,1094,21.45,149,2.92,899,384,42.71,414,145,35.02,210,181,86.19,222,4.35,45,0.88,16,0.31,84,129
Gary Harris,ORL,13,11,24,384.74,90,3.75,11,0.46,81,32,39.51,63,22,34.92,8,4,50.0,29,1.21,15,0.62,6,0.25,20,11
Trayce Jackson-Davis,GSW,22,25,47,901.66,368,7.83,97,2.06,278,158,56.83,1,0,0.0,86,52,60.47,285,6.06,22,0.47,34,0.72,66,39
Myles Turner,IND,26,20,46,1407.04,694,15.09,70,1.52,520,247,47.5,236,94,39.83,141,106,75.18,302,6.57,38,0.83,82,1.78,129,89
Dyson Daniels,ATL,22,25,47,1593.4,650,13.83,186,3.96,576,271,47.05,165,54,32.73,88,54,61.36,253,5.38,140,2.98,36,0.77,118,90
Chris Boucher,TOR,16,28,44,763.1,463,10.52,25,0.57,331,167,50.45,175,66,37.71,80,63,78.75,188,4.27,23,0.52,24,0.55,63,27
Tyus Jones,PHO,26,24,50,1475.41,552,11.04,291,5.82,443,205,46.28,250,103,41.2,44,39,88.64,121,2.42,44,0.88,6,0.12,49,66
James Harden,LAC,28,20,48,1626.63,1023,21.31,404,8.42,757,299,39.5,390,134,34.36,326,291,89.26,276,5.75,70,1.46,29,0.6,102,216
T.J. McConnell,IND,29,20,49,912.41,482,9.84,221,4.51,422,220,52.13,30,8,26.67,46,34,73.91,129,2.63,60,1.22,14,0.29,52,77
Jalen Smith,CHI,20,27,47,720.73,397,8.45,43,0.91,299,142,47.49,163,57,34.97,67,56,83.58,264,5.62,12,0.26,35,0.74,72,28
Andrew Wiggins,GSW,21,22,43,1296.29,755,17.56,101,2.35,588,261,44.39,248,94,37.9,179,139,77.65,197,4.58,40,0.93,33,0.77,70,56
Terry Rozier,MIA,21,25,46,1314.51,572,12.43,134,2.91,514,210,40.86,244,75,30.74,90,77,85.56,191,4.15,26,0.57,14,0.3,64,66
Zach LaVine,CHI,18,26,44,1499.48,1042,23.68,193,4.39,742,375,50.54,318,139,43.71,192,153,79.69,207,4.7,40,0.91,11,0.25,67,122
Dejounte Murray,NOP,9,22,31,1012.16,542,17.48,228,7.35,494,194,39.27,174,52,29.89,124,102,82.26,200,6.45,63,2.03,12,0.39,61,106
Kyle Lowry,PHI,14,18,32,617.35,133,4.16,92,2.88,111,39,35.14,83,28,33.73,33,27,81.82,64,2.0,31,0.97,10,0.31,61,20
Jaden Ivey,DET,14,16,30,898.02,528,17.6,119,3.97,413,190,46.0,154,63,40.91,116,85,73.28,124,4.13,28,0.93,11,0.37,67,89
Jordan Clarkson,UTA,8,19,27,698.61,449,16.63,102,3.78,360,151,41.94,160,60,37.5,105,87,82.86,86,3.19,24,0.89,7,0.26,41,59
Yves Missi,NOP,10,38,48,1306.62,420,8.75,68,1.42,301,168,55.81,1,0,0.0,129,84,65.12,385,8.02,27,0.56,69,1.44,104,57
Ivica Zubac,LAC,28,21,49,1566.25,743,15.16,122,2.49,539,329,61.04,0,0,,138,85,61.59,620,12.65,36,0.73,55,1.12,96,84
Jay Huff,MEM,30,14,44,568.14,341,7.75,29,0.66,229,120,52.4,152,64,42.11,48,37,77.08,98,2.23,11,0.25,40,0.91,62,28
Bennedict Mathurin,IND,27,21,48,1517.67,785,16.35,89,1.85,587,278,47.36,201,71,35.32,195,158,81.03,276,5.75,29,0.6,18,0.38,119,93
Scoot Henderson,POR,21,24,45,1193.43,565,12.56,241,5.36,445,193,43.37,180,66,36.67,144,113,78.47,138,3.07,52,1.16,12,0.27,120,120
Kevin Durant,PHO,24,15,39,1410.4,1050,26.92,163,4.18,727,381,52.41,231,92,39.83,237,196,82.7,237,6.08,32,0.82,52,1.33,66,118
Javonte Green,NOP,10,36,46,1017.68,272,5.91,42,0.91,209,93,44.5,97,36,37.11,66,50,75.76,165,3.59,49,1.07,29,0.63,68,27
Bobby Portis,MIL,26,18,44,1099.84,603,13.7,95,2.16,531,246,46.33,160,59,36.88,63,52,82.54,366,8.32,30,0.68,25,0.57,78,56
Deni Avdija,POR,23,26,49,1405.06,716,14.61,165,3.37,511,238,46.58,215,74,34.42,214,166,77.57,315,6.43,50,1.02,27,0.55,111,122
Taylor Hendricks,UTA,0,3,3,74.52,14,4.67,2,0.67,18,4,22.22,12,3,25.0,4,3,75.0,15,5.0,5,1.67,4,1.33,8,2
Gradey Dick,TOR,12,33,45,1343.44,703,15.62,87,1.93,573,240,41.88,283,99,34.98,140,124,88.57,154,3.42,37,0.82,9,0.2,105,71
Jalen Suggs,ORL,20,15,35,1002.38,567,16.2,129,3.69,481,197,40.96,242,76,31.4,110,97,88.18,141,4.03,51,1.46,33,0.94,98,102
Jalen Wilson,BRK,17,34,51,1397.08,483,9.47,97,1.9,418,165,39.47,227,71,31.28,100,82,82.0,177,3.47,28,0.55,2,0.04,111,58
Wendell Carter,ORL,11,10,21,518.39,154,7.33,46,2.19,116,54,46.55,40,7,17.5,55,39,70.91,150,7.14,14,0.67,13,0.62,52,16
Amir Coffey,LAC,28,22,50,1298.17,510,10.2,56,1.12,371,176,47.44,184,78,42.39,89,80,89.89,121,2.42,29,0.58,7,0.14,81,38
Tyler Herro,MIA,25,24,49,1744.03,1163,23.73,272,5.55,868,403,46.43,477,185,38.78,200,172,86.0,273,5.57,36,0.73,6,0.12,68,130
Collin Sexton,UTA,11,35,46,1312.99,844,18.35,189,4.11,624,298,47.76,211,87,41.23,180,161,89.44,133,2.89,31,0.67,4,0.09,104,116
Tyrese Maxey,PHI,19,25,44,1673.38,1225,27.84,273,6.2,957,425,44.41,425,147,34.59,261,228,87.36,151,3.43,85,1.93,17,0.39,101,109
Devin Booker,PHO,25,21,46,1710.35,1215,26.41,308,6.7,875,397,45.37,358,122,34.08,335,299,89.25,185,4.02,50,1.09,12,0.26,110,124
Derrick Jones,LAC,17,12,29,714.2,290,10.0,27,0.93,227,114,50.22,82,32,39.02,34,30,88.24,97,3.34,38,1.31,10,0.34,60,29
Toumani Camara,POR,21,29,50,1611.12,509,10.18,101,2.02,424,190,44.81,207,74,35.75,75,55,73.33,296,5.92,70,1.4,30,0.6,148,75
Gary Payton,GSW,15,13,28,367.94,130,4.64,34,1.21,106,58,54.72,32,5,15.62,15,9,60.0,78,2.79,20,0.71,10,0.36,40,14
Tim Hardaway,DET,12,17,29,788.47,290,10.0,45,1.55,229,96,41.92,155,56,36.13,48,42,87.5,58,2.0,10,0.34,0,0.0,37,19
Tyrese Haliburton,IND,29,20,49,1667.94,871,17.78,418,8.53,669,300,44.84,384,140,36.46,155,131,84.52,176,3.59,65,1.33,33,0.67,64,87
Moses Moody,GSW,22,21,43,797.35,390,9.07,48,1.12,301,133,44.19,186,74,39.78,69,50,72.46,93,2.16,20,0.47,13,0.3,57,31
Anthony Black,ORL,23,26,49,1210.54,437,8.92,167,3.41,377,151,40.05,115,30,26.09,139,105,75.54,126,2.57,50,1.02,25,0.51,112,93
Cameron Johnson,BRK,15,22,37,1185.45,714,19.3,107,2.89,485,237,48.87,282,118,41.84,136,122,89.71,151,4.08,28,0.76,18,0.49,64,62
Norman Powell,LAC,24,18,42,1396.52,1005,23.93,94,2.24,706,350,49.58,332,143,43.07,198,162,81.82,151,3.6,55,1.31,8,0.19,81,86
Daniel Theis,NOP,10,28,38,621.25,162,4.26,60,1.58,129,61,47.29,37,9,24.32,37,31,83.78,164,4.32,18,0.47,20,0.53,70,25
Caleb Martin,PHI,12,19,31,943.09,281,9.06,69,2.23,232,101,43.53,87,33,37.93,74,46,62.16,136,4.39,34,1.1,20,0.65,63,43
Kelly Oubre,PHI,12,17,29,935.86,368,12.69,44,1.52,313,141,45.05,126,37,29.37,69,49,71.01,165,5.69,34,1.17,15,0.52,81,36
Immanuel Quickley,TOR,2,11,13,337.34,186,14.31,78,6.0,150,61,40.67,71,26,36.62,42,38,90.48,29,2.23,7,0.54,2,0.15,21,22
Jerami Grant,POR,19,21,40,1292.4,588,14.7,89,2.22,486,187,38.48,245,93,37.96,142,121,85.21,133,3.32,29,0.72,42,1.05,93,51
Jordan Hawkins,NOP,10,23,33,765.81,360,10.91,32,0.97,336,122,36.31,195,64,32.82,62,52,83.87,82,2.48,22,0.67,13,0.39,24,30
Deandre Ayton,POR,17,21,38,1154.98,560,14.74,62,1.63,453,258,56.95,32,6,18.75,56,38,67.86,392,10.32,31,0.82,37,0.97,82,63
Nikola Jović,MIA,20,21,41,1025.44,453,11.05,121,2.95,332,155,46.69,183,72,39.34,85,71,83.53,161,3.93,36,0.88,12,0.29,69,55
Andre Drummond,PHI,10,19,29,545.72,200,6.9,18,0.62,161,82,50.93,11,1,9.09,61,35,57.38,218,7.52,32,1.1,11,0.38,69,47
Scotty Pippen ,MEM,22,11,33,742.75,358,10.85,167,5.06,287,137,47.74,101,37,36.63,70,47,67.14,115,3.48,35,1.06,12,0.36,80,69
Draymond Green,GSW,19,18,37,1041.59,310,8.38,204,5.51,259,109,42.08,135,48,35.56,74,44,59.46,220,5.95,40,1.08,40,1.08,114,89
Haywood Highsmith,MIA,24,24,48,1147.81,307,6.4,58,1.21,248,116,46.77,146,57,39.04,26,18,69.23,149,3.1,45,0.94,30,0.62,97,34
Fred VanVleet,HOU,30,15,45,1597.37,658,14.62,261,5.8,587,227,38.67,349,120,34.38,101,84,83.17,175,3.89,72,1.6,20,0.44,110,70
De'Andre Hunter,ATL,18,19,37,1063.62,702,18.97,57,1.54,492,227,46.14,247,97,39.27,176,151,85.8,145,3.92,31,0.84,5,0.14,88,59
Brook Lopez,MIL,28,22,50,1612.47,611,12.22,85,1.7,488,231,47.34,259,96,37.07,66,53,80.3,236,4.72,37,0.74,95,1.9,109,51
De'Anthony Melton,GSW,4,2,6,120.99,62,10.33,17,2.83,54,22,40.74,35,13,37.14,8,5,62.5,20,3.33,7,1.17,2,0.33,18,10
Thomas Bryant,MIA,23,11,34,479.39,214,6.29,30,0.88,156,80,51.28,71,27,38.03,31,27,87.1,128,3.76,16,0.47,22,0.65,31,13
Jaime Jaquez,MIA,15,11,26,561.08,224,8.62,55,2.12,197,82,41.62,55,14,25.45,61,46,75.41,121,4.65,29,1.12,3,0.12,42,39
Jamal Shead,TOR,15,31,46,789.69,270,5.87,165,3.59,248,104,41.94,108,38,35.19,33,24,72.73,54,1.17,26,0.57,5,0.11,86,67
Cody Martin,CHO,11,28,39,967.17,306,7.85,89,2.28,268,116,43.28,124,40,32.26,49,34,69.39,176,4.51,43,1.1,26,0.67,72,42
Georges Niang,CLE,41,10,51,1053.28,445,8.73,67,1.31,348,166,47.7,225,90,40.0,29,23,79.31,189,3.71,17,0.33,7,0.14,129,48
Jusuf Nurkić,PHO,13,12,25,591.73,215,8.6,47,1.88,163,74,45.4,59,19,32.2,69,48,69.57,229,9.16,23,0.92,16,0.64,78,57
Bam Adebayo,MIA,25,24,49,1664.42,804,16.41,221,4.51,664,313,47.14,125,36,28.8,197,142,72.08,488,9.96,62,1.27,39,0.8,107,111
Josh Giddey,CHI,21,27,48,1382.14,581,12.1,315,6.56,493,221,44.83,183,62,33.88,102,77,75.49,348,7.25,53,1.1,24,0.5,78,132
Clint Capela,ATL,22,23,45,1009.63,424,9.42,55,1.22,330,189,57.27,0,0,,85,46,54.12,405,9.0,27,0.6,44,0.98,90,44
Mason Plumlee,PHO,26,24,50,887.73,197,3.94,93,1.86,132,75,56.82,2,0,0.0,75,47,62.67,318,6.36,24,0.48,38,0.76,109,45
Amen Thompson,HOU,30,18,48,1509.09,662,13.79,153,3.19,464,253,54.53,60,14,23.33,199,142,71.36,384,8.0,69,1.44,58,1.21,112,96
Ochai Agbaji,TOR,13,33,46,1279.15,474,10.3,75,1.63,372,189,50.81,181,72,39.78,36,24,66.67,172,3.74,41,0.89,27,0.59,88,34
Kyle Anderson,GSW,19,17,36,540.98,189,5.25,81,2.25,169,76,44.97,52,19,36.54,27,18,66.67,110,3.06,26,0.72,20,0.56,40,20
Aaron Nesmith,IND,9,6,15,314.24,123,8.2,19,1.27,83,41,49.4,36,15,41.67,29,26,89.66,50,3.33,9,0.6,4,0.27,39,11
Kris Dunn,LAC,24,20,44,990.57,256,5.82,122,2.77,256,105,41.02,133,39,29.32,14,7,50.0,147,3.34,67,1.52,15,0.34,111,49
Jalen Johnson,ATL,18,18,36,1284.18,680,18.89,181,5.03,542,271,50.0,141,44,31.21,126,94,74.6,359,9.97,56,1.56,36,1.0,67,106
Noah Clowney,BRK,9,28,37,852.66,349,9.43,30,0.81,299,112,37.46,209,74,35.41,60,51,85.0,145,3.92,19,0.51,19,0.51,87,38
Pat Connaughton,MIL,12,18,30,457.62,129,4.3,50,1.67,114,48,42.11,63,20,31.75,17,13,76.47,82,2.73,4,0.13,9,0.3,33,17
Andrew Nembhard,IND,23,11,34,969.58,369,10.85,173,5.09,293,139,47.44,82,27,32.93,84,64,76.19,117,3.44,43,1.26,4,0.12,76,60
Guerschon Yabusele,PHI,20,28,48,1288.17,533,11.1,98,2.04,379,197,51.98,182,73,40.11,90,66,73.33,272,5.67,38,0.79,20,0.42,120,63
Moritz Wagner,ORL,18,12,30,564.13,386,12.87,42,1.4,249,140,56.22,75,27,36.0,110,79,71.82,148,4.93,24,0.8,12,0.4,55,49
Gary Trent,MIL,17,12,29,717.98,276,9.52,26,0.9,229,97,42.36,147,59,40.14,26,23,88.46,65,2.24,29,1.0,2,0.07,61,19
Dean Wade,CLE,30,5,35,798.96,211,6.03,55,1.57,179,73,40.78,149,52,34.9,25,13,52.0,178,5.09,30,0.86,16,0.46,68,11
Lindy Waters,GSW,12,12,24,424.21,132,5.5,32,1.33,132,48,36.36,95,32,33.68,5,4,80.0,63,2.62,18,0.75,5,0.21,39,9
John Konchar,MEM,20,7,27,369.91,73,2.7,29,1.07,65,27,41.54,45,14,31.11,6,5,83.33,105,3.89,14,0.52,11,0.41,24,10
Terance Mann,LAC,21,16,37,732.23,223,6.03,59,1.59,195,87,44.62,75,26,34.67,32,23,71.88,107,2.89,28,0.76,11,0.3,68,25
Coby White,CHI,18,27,45,1466.31,834,18.53,209,4.64,645,281,43.57,368,138,37.5,150,134,89.33,148,3.29,42,0.93,8,0.18,103,110
Malik Beasley,DET,26,26,52,1452.4,853,16.4,94,1.81,686,298,43.44,487,200,41.07,86,57,66.28,150,2.88,48,0.92,2,0.04,78,57
Jeremiah Robinson-Earl,NOP,11,31,42,750.1,231,5.5,51,1.21,202,89,44.06,93,28,30.11,29,25,86.21,198,4.71,28,0.67,6,0.14,53,29
Grayson Allen,PHO,24,18,42,1054.04,465,11.07,86,2.05,332,149,44.88,248,108,43.55,71,59,83.1,145,3.45,40,0.95,13,0.31,59,43
Nic Claxton,BRK,13,32,45,1192.83,446,9.91,88,1.96,356,195,54.78,14,1,7.14,104,55,52.88,337,7.49,42,0.93,59,1.31,93,54
Jock Landale,HOU,15,10,25,248.24,88,3.52,22,0.88,72,33,45.83,9,5,55.56,27,17,62.96,72,2.88,5,0.2,8,0.32,22,12
Anfernee Simons,POR,20,28,48,1549.25,885,18.44,239,4.98,734,312,42.51,387,146,37.73,128,115,89.84,132,2.75,40,0.83,5,0.1,85,100
Jabari Smith,HOU,21,11,32,997.81,381,11.91,33,1.03,305,131,42.95,156,55,35.26,73,64,87.67,214,6.69,10,0.31,31,0.97,74,29
Ayo Dosunmu,CHI,16,25,41,1257.54,509,12.41,191,4.66,404,198,49.01,171,59,34.5,68,54,79.41,146,3.56,35,0.85,18,0.44,94,54
Dorian Finney-Smith,BRK,16,19,35,946.72,311,8.89,46,1.31,237,111,46.84,164,70,42.68,29,19,65.52,135,3.86,31,0.89,12,0.34,87,30
Nick Richards,CHO,10,22,32,704.19,288,9.0,35,1.09,182,103,56.59,2,0,0.0,117,82,70.09,272,8.5,10,0.31,38,1.19,80,52
Rayan Rupert,POR,14,21,35,275.99,87,2.49,16,0.46,78,32,41.03,35,10,28.57,18,13,72.22,40,1.14,8,0.23,2,0.06,19,16
Ziaire Williams,BRK,15,23,38,896.61,357,9.39,54,1.42,300,120,40.0,151,49,32.45,83,68,81.93,182,4.79,38,1.0,16,0.42,90,40
Miles Bridges,CHO,10,25,35,1119.85,686,19.6,133,3.8,577,253,43.85,235,70,29.79,126,110,87.3,270,7.71,23,0.66,21,0.6,54,69
Jamison Battle,TOR,10,26,36,456.88,200,5.56,32,0.89,149,70,46.98,112,48,42.86,14,12,85.71,66,1.83,5,0.14,4,0.11,40,12
Jonathan Mogbo,TOR,8,31,39,658.78,207,5.31,62,1.59,170,80,47.06,30,12,40.0,49,35,71.43,162,4.15,28,0.72,17,0.44,75,31
Tobias Harris,DET,25,25,50,1600.04,658,13.16,118,2.36,558,251,44.98,190,61,32.11,109,95,87.16,301,6.02,43,0.86,42,0.84,93,56
Brandon Miller,CHO,8,19,27,923.58,568,21.04,98,3.63,491,198,40.33,293,104,35.49,79,68,86.08,131,4.85,29,1.07,20,0.74,74,76
Grant Williams,CHO,6,10,16,479.05,166,10.38,37,2.31,123,54,43.9,74,27,36.49,37,31,83.78,82,5.12,18,1.12,13,0.81,46,28
Marcus Smart,MEM,12,7,19,400.17,165,8.68,71,3.74,148,53,35.81,90,29,32.22,36,30,83.33,43,2.26,23,1.21,6,0.32,31,35
Ben Simmons,BRK,13,20,33,824.68,204,6.18,229,6.94,170,93,54.71,0,0,,26,18,69.23,172,5.21,26,0.79,16,0.48,81,88
Ricky Council,PHI,6,16,22,275.0,120,5.45,16,0.73,92,37,40.22,35,9,25.71,44,37,84.09,45,2.05,7,0.32,5,0.23,18,8
Kai Jones,LAC,14,13,27,205.28,59,2.19,10,0.37,35,25,71.43,2,0,0.0,12,9,75.0,45,1.67,6,0.22,13,0.48,23,10
Bogdan Bogdanović,ATL,12,12,24,597.88,240,10.0,49,2.04,224,83,37.05,146,44,30.14,34,30,88.24,66,2.75,20,0.83,6,0.25,57,37
Seth Curry,CHO,12,30,42,578.34,235,5.6,27,0.64,183,87,47.54,97,45,46.39,18,16,88.89,61,1.45,18,0.43,5,0.12,38,18
Lonzo Ball,CHI,14,16,30,646.98,215,7.17,104,3.47,196,71,36.22,162,55,33.95,21,18,85.71,103,3.43,44,1.47,15,0.5,50,36
Oso Ighodaro,PHO,18,22,40,599.49,143,3.58,39,0.98,108,62,57.41,2,0,0.0,36,19,52.78,131,3.28,18,0.45,15,0.38,62,23
Monte Morris,PHO,20,19,39,507.76,194,4.97,65,1.67,166,69,41.57,71,22,30.99,40,34,85.0,55,1.41,16,0.41,3,0.08,20,16
Brice Sensabaugh,UTA,9,31,40,711.38,371,9.28,50,1.25,298,134,44.97,181,68,37.57,37,35,94.59,104,2.6,23,0.57,3,0.08,56,54
Ron Holland,DET,26,26,52,805.32,329,6.33,43,0.83,276,125,45.29,107,28,26.17,64,51,79.69,141,2.71,31,0.6,7,0.13,93,45
Kevon Looney,GSW,22,23,45,736.11,232,5.16,84,1.87,192,100,52.08,2,0,0.0,62,32,51.61,311,6.91,33,0.73,19,0.42,99,26
Moussa Diabaté,CHO,10,32,42,798.37,197,4.69,37,0.88,138,82,59.42,2,0,0.0,59,33,55.93,299,7.12,29,0.69,28,0.67,67,39
Tari Eason,HOU,20,14,34,806.22,381,11.21,38,1.12,308,147,47.73,99,34,34.34,71,53,74.65,213,6.26,66,1.94,32,0.94,82,32
James Wiseman,IND,1,0,1,4.63,6,6.0,0,0.0,4,2,50.0,1,0,0.0,2,2,100.0,1,1.0,0,0.0,0,0.0,0,0
John Collins,UTA,10,23,33,995.99,602,18.24,74,2.24,422,222,52.61,111,49,44.14,125,109,87.2,269,8.15,33,1.0,35,1.06,98,86
Sam Merrill,CLE,33,10,43,812.36,307,7.14,68,1.58,257,101,39.3,223,80,35.87,26,25,96.15,82,1.91,25,0.58,8,0.19,77,20
Bruno Fernando,TOR,2,15,17,146.59,58,3.41,18,1.06,49,26,53.06,0,0,,8,6,75.0,51,3.0,4,0.24,9,0.53,27,14
Tyler Smith,MIL,9,7,16,76.53,44,2.75,4,0.25,34,17,50.0,20,8,40.0,4,2,50.0,19,1.19,2,0.12,3,0.19,9,6
Patrick Williams,CHI,18,24,42,1121.21,395,9.4,91,2.17,371,140,37.74,194,68,35.05,61,47,77.05,175,4.17,33,0.79,26,0.62,55,57
Jared McCain,PHI,7,16,23,591.78,352,15.3,60,2.61,274,126,45.99,133,51,38.35,56,49,87.5,56,2.43,15,0.65,0,0.0,37,37
Dennis Schröder,BRK,20,27,47,1400.23,678,14.43,257,5.47,576,241,41.84,265,95,35.85,120,101,84.17,124,2.64,51,1.09,7,0.15,123,107
Jonathan Isaac,ORL,22,25,47,777.37,277,5.89,24,0.51,246,99,40.24,118,29,24.58,75,50,66.67,227,4.83,39,0.83,59,1.26,65,20
Vit Krejci,ATL,16,21,37,761.12,248,6.7,94,2.54,202,89,44.06,135,51,37.78,29,19,65.52,98,2.65,26,0.7,17,0.46,71,35
Jose Alvarado,NOP,10,17,27,599.06,260,9.63,111,4.11,215,87,40.47,144,59,40.97,34,27,79.41,53,1.96,34,1.26,8,0.3,54,31
Jake LaRavia,MEM,31,16,47,982.02,343,7.3,133,2.83,241,118,48.96,90,40,44.44,96,67,69.79,205,4.36,44,0.94,20,0.43,92,69
Royce O'Neale,PHO,23,22,45,1141.13,425,9.44,95,2.11,352,151,42.9,259,106,40.93,22,17,77.27,229,5.09,43,0.96,25,0.56,99,42
Isaac Okoro,CLE,24,4,28,550.95,161,5.75,46,1.64,131,56,42.75,78,31,39.74,25,18,72.0,58,2.07,19,0.68,11,0.39,57,11
Gui Santos,GSW,13,13,26,325.34,104,4.0,30,1.15,75,36,48.0,48,20,41.67,19,12,63.16,67,2.58,9,0.35,3,0.12,36,16
Isaiah Stewart,DET,22,25,47,950.29,266,5.66,80,1.7,204,108,52.94,34,9,26.47,50,41,82.0,273,5.81,18,0.38,59,1.26,114,41
Jimmy Butler,MIA,13,12,25,765.87,426,17.04,120,4.8,263,142,53.99,36,13,36.11,161,129,80.12,131,5.24,27,1.08,10,0.4,23,30
Chris Duarte,CHI,4,13,17,74.46,36,2.12,9,0.53,26,12,46.15,15,6,40.0,8,6,75.0,20,1.18,0,0.0,0,0.0,7,1
Keyonte George,UTA,8,32,40,1254.4,658,16.45,231,5.78,546,215,39.38,305,103,33.77,155,125,80.65,143,3.58,30,0.75,8,0.2,76,112
Pelle Larsson,MIA,15,18,33,422.44,127,3.85,31,0.94,98,45,45.92,47,15,31.91,33,22,66.67,49,1.48,15,0.45,4,0.12,57,12
Marcus Sasser,DET,19,22,41,584.18,240,5.85,95,2.32,201,91,45.27,103,35,33.98,26,23,88.46,51,1.24,28,0.68,4,0.1,55,39
Garrett Temple,TOR,6,11,17,66.33,11,0.65,11,0.65,15,3,20.0,7,1,14.29,4,4,100.0,10,0.59,6,0.35,2,0.12,7,4
Scottie Barnes,TOR,14,25,39,1343.61,779,19.97,249,6.38,664,296,44.58,195,54,27.69,173,133,76.88,302,7.74,58,1.49,42,1.08,82,119
Obi Toppin,IND,27,20,47,894.15,463,9.85,71,1.51,334,179,53.59,158,54,34.18,64,51,79.69,188,4.0,31,0.66,17,0.36,64,33
Duop Reath,POR,10,15,25,133.23,57,2.28,6,0.24,50,19,38.0,35,11,31.43,10,8,80.0,22,0.88,0,0.0,2,0.08,15,4
Adem Bona,PHI,10,26,36,393.85,108,3.0,11,0.31,57,40,70.18,0,0,,44,28,63.64,102,2.83,7,0.19,27,0.75,68,24
Ulrich Chomche,TOR,2,4,6,20.16,5,0.83,2,0.33,3,2,66.67,0,0,,2,1,50.0,6,1.0,0,0.0,0,0.0,4,2
Herbert Jones,NOP,5,15,20,648.16,205,10.25,65,3.25,172,75,43.6,72,22,30.56,40,33,82.5,78,3.9,37,1.85,9,0.45,66,35
KJ Martin,PHI,9,15,24,479.6,154,6.42,19,0.79,99,61,61.62,21,8,38.1,29,24,82.76,72,3.0,11,0.46,16,0.67,62,12
Julian Phillips,CHI,21,29,50,649.21,213,4.26,20,0.4,172,76,44.19,91,29,31.87,44,32,72.73,100,2.0,20,0.4,12,0.24,65,20
Craig Porter,CLE,15,3,18,164.09,46,2.56,24,1.33,34,19,55.88,11,5,45.45,5,3,60.0,16,0.89,5,0.28,6,0.33,8,9
Donovan Clingan,POR,17,21,38,610.33,191,5.03,28,0.74,153,80,52.29,22,6,27.27,38,25,65.79,245,6.45,16,0.42,57,1.5,98,44
Jonathan Kuminga,GSW,18,14,32,832.07,536,16.75,70,2.19,423,194,45.86,116,40,34.48,169,108,63.91,159,4.97,29,0.91,18,0.56,61,50
Jaylon Tyson,CLE,26,7,33,310.46,99,3.0,30,0.91,85,37,43.53,34,11,32.35,18,14,77.78,72,2.18,8,0.24,2,0.06,35,14
A.J. Green,MIL,25,19,44,967.89,337,7.66,56,1.27,258,114,44.19,222,96,43.24,15,13,86.67,99,2.25,24,0.55,5,0.11,93,27
Davion Mitchell,TOR,15,29,44,1080.18,279,6.34,203,4.61,244,106,43.44,117,42,35.9,37,25,67.57,85,1.93,31,0.7,8,0.18,116,78
Dalano Banton,POR,15,25,40,608.18,337,8.43,83,2.08,291,120,41.24,126,45,35.71,74,52,70.27,78,1.95,28,0.7,20,0.5,36,48
Kentavious Caldwell-Pope,ORL,23,27,50,1521.91,449,8.98,92,1.84,380,158,41.58,236,74,31.36,67,59,88.06,102,2.04,74,1.48,25,0.5,95,43
Jarace Walker,IND,27,21,48,802.82,298,6.21,70,1.46,232,109,46.98,119,45,37.82,56,35,62.5,155,3.23,43,0.9,20,0.42,82,53
Cam Whitmore,HOU,19,13,32,553.35,318,9.94,26,0.81,278,121,43.53,126,42,33.33,48,34,70.83,103,3.22,21,0.66,9,0.28,33,34
Jaylen Wells,MEM,35,16,51,1331.12,577,11.31,88,1.73,459,204,44.44,252,95,37.7,88,74,84.09,162,3.18,30,0.59,6,0.12,94,49
Nicolas Batum,LAC,27,22,49,856.21,165,3.37,65,1.33,141,55,39.01,116,44,37.93,14,11,78.57,139,2.84,31,0.63,20,0.41,74,21
Karlo Matković,NOP,3,11,14,147.5,32,2.29,9,0.64,29,12,41.38,8,3,37.5,5,5,100.0,44,3.14,7,0.5,11,0.79,20,10
Dru Smith,MIA,8,6,14,268.22,88,6.29,23,1.64,61,31,50.82,30,16,53.33,13,10,76.92,36,2.57,21,1.5,6,0.43,30,17
Duncan Robinson,MIA,23,25,48,1163.79,521,10.85,124,2.58,440,184,41.82,316,119,37.66,38,34,89.47,112,2.33,27,0.56,5,0.1,96,54
Tristan Thompson,CLE,21,5,26,208.98,43,1.65,18,0.69,44,19,43.18,3,0,0.0,22,5,22.73,77,2.96,1,0.04,7,0.27,25,10
Delon Wright,MIL,14,12,26,404.58,65,2.5,48,1.85,82,22,26.83,49,12,24.49,16,9,56.25,46,1.77,23,0.88,9,0.35,17,14
Zach Edey,MEM,24,13,37,772.11,365,9.86,37,1.0,255,150,58.82,39,14,35.9,75,51,68.0,288,7.78,24,0.65,44,1.19,99,56
Enrique Freeman,IND,5,14,19,139.05,32,1.68,8,0.42,25,12,48.0,6,1,16.67,13,7,53.85,19,1.0,2,0.11,2,0.11,18,5
Dalen Terry,CHI,18,29,47,598.11,178,3.79,57,1.21,144,65,45.14,54,19,35.19,42,29,69.05,70,1.49,22,0.47,11,0.23,71,35
Reed Sheppard,HOU,22,14,36,425.64,128,3.56,41,1.14,151,47,31.13,93,26,27.96,9,8,88.89,52,1.44,23,0.64,14,0.39,34,23
Darius Garland,CLE,40,10,50,1517.1,1093,21.86,336,6.72,782,391,50.0,348,151,43.39,183,160,87.43,128,2.56,56,1.12,10,0.2,105,126
Lester Quiñones,PHI,1,3,4,16.97,9,2.25,1,0.25,8,4,50.0,3,0,0.0,1,1,100.0,4,1.0,0,0.0,0,0.0,0,4
Cody Williams,UTA,5,21,26,544.97,101,3.88,35,1.35,120,36,30.0,63,15,23.81,22,14,63.64,57,2.19,13,0.5,10,0.38,49,22
Jakob Poeltl,TOR,16,29,45,1388.51,637,14.16,128,2.84,459,280,61.0,2,0,0.0,117,77,65.81,455,10.11,52,1.16,58,1.29,149,87
Ben Sheppard,IND,23,13,36,733.17,208,5.78,46,1.28,181,76,41.99,125,45,36.0,13,11,84.62,92,2.56,22,0.61,10,0.28,81,12
Zaccharie Risacher,ATL,22,23,45,1070.3,504,11.2,53,1.18,448,189,42.19,190,58,30.53,98,68,69.39,156,3.47,35,0.78,21,0.47,90,50
Patty Mills,UTA,3,15,18,267.08,74,4.11,22,1.22,79,26,32.91,60,17,28.33,5,5,100.0,21,1.17,13,0.72,3,0.17,12,16
Jabari Walker,POR,14,23,37,374.81,119,3.22,17,0.46,106,48,45.28,34,7,20.59,26,16,61.54,104,2.81,19,0.51,5,0.14,45,20
Vasilije Micić,CHO,7,29,36,764.28,269,7.47,127,3.53,273,95,34.8,125,45,36.0,41,34,82.93,87,2.42,15,0.42,0,0.0,44,74
MarJon Beauchamp,MIL,15,12,27,123.47,52,1.93,8,0.3,47,18,38.3,21,7,33.33,12,9,75.0,32,1.19,3,0.11,1,0.04,10,13
Jeff Dowtin,PHI,6,17,23,254.64,82,3.57,33,1.43,80,32,40.0,23,6,26.09,17,12,70.59,27,1.17,8,0.35,4,0.17,13,3
Andre Jackson,MIL,17,13,30,560.85,107,3.57,45,1.5,109,41,37.61,55,18,32.73,13,7,53.85,95,3.17,19,0.63,7,0.23,70,37
Caleb Houstan,ORL,15,21,36,424.66,101,2.81,15,0.42,102,32,31.37,88,27,30.68,11,10,90.91,36,1.0,7,0.19,3,0.08,36,5
Brandin Podziemski,GSW,19,19,38,938.37,356,9.37,128,3.37,307,131,42.67,153,50,32.68,59,44,74.58,175,4.61,37,0.97,7,0.18,58,41
Ryan Dunn,PHO,24,22,46,882.04,311,6.76,42,0.91,285,127,44.56,148,46,31.08,23,11,47.83,159,3.46,21,0.46,27,0.59,109,19
Ryan Rollins,MIL,16,18,34,416.47,169,4.97,41,1.21,139,64,46.04,59,22,37.29,23,19,82.61,53,1.56,24,0.71,12,0.35,49,30
Brandon Clarke,MEM,33,14,47,884.61,372,7.91,45,0.96,268,166,61.94,16,1,6.25,57,39,68.42,234,4.98,41,0.87,26,0.55,115,28
AJ Johnson,MIL,5,4,9,54.2,22,2.44,11,1.22,25,9,36.0,7,3,42.86,2,1,50.0,9,1.0,1,0.11,0,0.0,1,4
Shake Milton,BRK,19,20,39,634.37,241,6.18,82,2.1,188,87,46.28,85,31,36.47,45,36,80.0,72,1.85,18,0.46,3,0.08,54,29
Matas Buzelis,CHI,22,28,50,712.43,298,5.96,22,0.44,250,107,42.8,121,44,36.36,50,40,80.0,142,2.84,13,0.26,44,0.88,73,29
Eric Gordon,PHI,12,26,38,759.56,266,7.0,64,1.68,204,87,42.65,137,56,40.88,48,36,75.0,46,1.21,26,0.68,12,0.32,32,28
Talen Horton-Tucker,CHI,13,27,40,461.16,234,5.85,53,1.32,184,84,45.65,81,31,38.27,48,35,72.92,68,1.7,15,0.38,9,0.22,40,26
Cory Joseph,ORL,13,17,30,224.84,58,1.93,24,0.8,60,21,35.0,41,14,34.15,4,2,50.0,23,0.77,11,0.37,3,0.1,18,11
Kris Murray,POR,18,25,43,580.24,170,3.95,37,0.86,155,70,45.16,62,16,25.81,32,14,43.75,92,2.14,16,0.37,8,0.19,37,21
Tristan Da Silva,ORL,23,26,49,1252.1,418,8.53,84,1.71,370,158,42.7,184,61,33.15,48,41,85.42,194,3.96,24,0.49,12,0.24,74,45
Jett Howard,ORL,22,22,44,480.73,195,4.43,26,0.59,184,69,37.5,130,42,32.31,18,15,83.33,53,1.2,7,0.16,7,0.16,46,22
Kel'el Ware,MIA,17,18,35,642.48,295,8.43,26,0.74,225,122,54.22,63,25,39.68,35,26,74.29,200,5.71,20,0.57,34,0.97,46,26
Kevin Porter,LAC,15,12,27,546.82,271,10.04,81,3.0,261,110,42.15,72,18,25.0,51,33,64.71,99,3.67,28,1.04,7,0.26,46,62
Dillon Brooks,HOU,30,18,48,1550.93,652,13.58,71,1.48,568,238,41.9,292,113,38.7,75,63,84.0,182,3.79,38,0.79,11,0.23,169,50
Goga Bitadze,ORL,23,19,42,1002.37,384,9.14,96,2.29,260,163,62.69,19,2,10.53,86,56,65.12,340,8.1,34,0.81,67,1.6,95,57
Cole Anthony,ORL,24,24,48,826.5,436,9.08,133,2.77,385,162,42.08,151,48,31.79,81,64,79.01,138,2.88,30,0.62,16,0.33,106,76
Antonio Reeves,NOP,1,19,20,185.86,86,4.3,13,0.65,80,33,41.25,42,13,30.95,8,7,87.5,18,0.9,6,0.3,0,0.0,7,5
Simone Fontecchio,DET,22,25,47,830.21,300,6.38,41,0.87,252,99,39.29,156,52,33.33,61,50,81.97,136,2.89,17,0.36,9,0.19,60,37
Chet Holmgren,OKC,9,2,11,286.76,168,15.27,21,1.91,116,58,50.0,38,14,36.84,49,38,77.55,92,8.36,10,0.91,30,2.73,21,24
Shai Gilgeous-Alexander,OKC,41,9,50,1703.72,1622,32.44,295,5.9,1075,569,52.93,288,99,34.38,427,385,90.16,261,5.22,97,1.94,50,1.0,110,134
Klay Thompson,DAL,22,23,45,1227.86,616,13.69,92,2.04,530,222,41.89,345,135,39.13,41,37,90.24,155,3.44,36,0.8,19,0.42,54,64
Nikola Jokić,DEN,31,15,46,1666.68,1366,29.7,475,10.33,907,519,57.22,207,96,46.38,285,232,81.4,584,12.7,84,1.83,31,0.67,96,142
Jordan Poole,WAS,9,35,44,1371.22,917,20.84,214,4.86,711,297,41.77,411,157,38.2,192,166,86.46,136,3.09,64,1.45,22,0.5,139,147
Luka Dončić,DAL,13,9,22,784.53,619,28.14,172,7.82,466,216,46.35,212,75,35.38,146,112,76.71,183,8.32,44,2.0,9,0.41,58,75
DeMar DeRozan,SAC,23,23,46,1647.52,998,21.7,169,3.67,764,372,48.69,125,41,32.8,248,213,85.89,172,3.74,50,1.09,21,0.46,90,62
Keegan Murray,SAC,23,25,48,1684.55,575,11.98,66,1.38,514,224,43.58,266,87,32.71,49,40,81.63,339,7.06,38,0.79,40,0.83,126,44
Dereck Lively,DAL,17,8,25,603.5,217,8.68,62,2.48,129,90,69.77,0,0,,60,37,61.67,194,7.76,16,0.64,40,1.6,72,32
Domantas Sabonis,SAC,24,24,48,1727.29,979,20.4,304,6.33,636,381,59.91,117,54,46.15,212,163,76.89,685,14.27,30,0.62,21,0.44,170,145
Julian Champagnie,SAS,22,27,49,1235.26,504,10.29,61,1.24,416,173,41.59,306,111,36.27,52,47,90.38,203,4.14,40,0.82,22,0.45,70,50
Jonas Valančiūnas,WAS,8,42,50,999.85,570,11.4,111,2.22,430,233,54.19,27,7,25.93,108,97,89.81,409,8.18,22,0.44,28,0.56,99,88
Harrison Barnes,SAS,22,27,49,1361.9,570,11.63,87,1.78,389,196,50.39,179,73,40.78,131,105,80.15,196,4.0,18,0.37,10,0.2,47,29
Malik Monk,SAC,23,20,43,1378.67,778,18.09,247,5.74,639,285,44.6,294,97,32.99,127,111,87.4,163,3.79,44,1.02,26,0.6,115,91
Aaron Wiggins,OKC,41,10,51,1087.46,517,10.14,80,1.57,414,205,49.52,188,68,36.17,46,39,84.78,182,3.57,37,0.73,12,0.24,64,42
De'Aaron Fox,SAC,22,25,47,1732.74,1170,24.89,295,6.28,922,434,47.07,298,96,32.21,250,206,82.4,232,4.94,73,1.55,20,0.43,124,134
Christian Braun,DEN,32,19,51,1664.46,745,14.61,105,2.06,507,291,57.4,133,50,37.59,136,113,83.09,253,4.96,58,1.14,27,0.53,115,51
Bilal Coulibaly,WAS,9,38,47,1565.41,590,12.55,165,3.51,496,211,42.54,181,51,28.18,155,117,75.48,238,5.06,64,1.36,35,0.74,114,100
Kyrie Irving,DAL,24,17,41,1483.38,999,24.37,197,4.8,762,365,47.9,291,120,41.24,165,149,90.3,193,4.71,53,1.29,14,0.34,84,96
Aaron Gordon,DEN,20,10,30,799.98,370,12.33,92,3.07,255,130,50.98,84,34,40.48,97,76,78.35,142,4.73,14,0.47,8,0.27,48,40
Jeremy Sochan,SAS,12,18,30,811.58,360,12.0,76,2.53,271,145,53.51,45,14,31.11,78,56,71.79,226,7.53,27,0.9,16,0.53,71,51
Daniel Gafford,DAL,25,24,49,1079.17,618,12.61,70,1.43,356,249,69.94,0,0,,169,120,71.01,338,6.9,20,0.41,90,1.84,132,59
P.J. Washington,DAL,25,17,42,1383.38,606,14.43,98,2.33,497,218,43.86,179,68,37.99,136,102,75.0,351,8.36,51,1.21,42,1.0,103,80
Michael Porter,DEN,17,13,30,1031.68,559,18.63,81,2.7,410,214,52.2,183,75,40.98,80,56,70.0,198,6.6,22,0.73,12,0.4,65,45
Jamal Murray,DEN,27,18,45,1619.1,907,20.16,275,6.11,734,339,46.19,249,89,35.74,160,140,87.5,181,4.02,64,1.42,25,0.56,82,98
Jaden Hardy,DAL,21,18,39,608.86,326,8.36,54,1.38,277,119,42.96,132,51,38.64,50,37,74.0,62,1.59,21,0.54,5,0.13,61,57
Marvin Bagley,WAS,3,16,19,166.5,93,4.89,7,0.37,71,38,53.52,10,2,20.0,23,15,65.22,56,2.95,7,0.37,5,0.26,12,11
Victor Wembanyama,SAS,20,23,43,1421.91,1050,24.42,156,3.63,809,384,47.47,383,135,35.25,175,147,84.0,469,10.91,46,1.07,167,3.88,98,142
Blake Wesley,SAS,15,16,31,287.38,97,3.13,60,1.94,82,38,46.34,21,4,19.05,23,17,73.91,23,0.74,14,0.45,3,0.1,16,28
Stephon Castle,SAS,21,27,48,1228.98,606,12.62,174,3.62,523,216,41.3,187,53,28.34,166,121,72.89,136,2.83,38,0.79,12,0.25,86,96
Zach Collins,SAS,17,19,36,423.6,167,4.64,52,1.44,132,61,46.21,46,14,30.43,35,31,88.57,101,2.81,14,0.39,15,0.42,70,23
Malaki Branham,SAS,14,16,30,287.24,136,4.53,26,0.87,113,49,43.36,53,21,39.62,20,17,85.0,33,1.1,7,0.23,2,0.07,16,28
Ousmane Dieng,OKC,23,6,29,330.51,112,3.86,27,0.93,104,42,40.38,59,17,28.81,16,11,68.75,68,2.34,15,0.52,6,0.21,27,15
Jared Butler,WAS,3,29,32,361.95,220,6.88,82,2.56,176,85,48.3,41,15,36.59,45,35,77.78,41,1.28,12,0.38,5,0.16,40,29
Tre Jones,SAS,13,15,28,450.15,123,4.39,104,3.71,93,45,48.39,26,8,30.77,33,25,75.76,58,2.07,18,0.64,5,0.18,33,21
Patrick Baldwin,WAS,1,12,13,58.52,27,2.08,1,0.08,20,10,50.0,11,5,45.45,4,2,50.0,12,0.92,2,0.15,2,0.15,4,2
Corey Kispert,WAS,8,38,46,1227.29,528,11.48,73,1.59,430,193,44.88,249,89,35.74,61,53,86.89,137,2.98,26,0.57,10,0.22,73,48
Kyle Kuzma,WAS,4,29,33,910.88,498,15.09,80,2.42,468,195,41.67,168,48,28.57,100,60,60.0,192,5.82,20,0.61,7,0.21,53,75
Chris Paul,SAS,22,27,49,1424.12,458,9.35,400,8.16,364,152,41.76,234,86,36.75,71,68,95.77,200,4.08,64,1.31,10,0.2,94,75
Luguentz Dort,OKC,38,10,48,1392.15,466,9.71,80,1.67,386,162,41.97,264,108,40.91,41,34,82.93,210,4.38,51,1.06,32,0.67,148,35
Russell Westbrook,DEN,29,19,48,1327.55,623,12.98,307,6.4,493,235,47.67,166,55,33.13,153,98,64.05,244,5.08,72,1.5,24,0.5,121,146
Maxi Kleber,DAL,18,16,34,636.74,103,3.03,43,1.26,96,37,38.54,49,13,26.53,21,16,76.19,95,2.79,9,0.26,17,0.5,66,23
Cason Wallace,OKC,37,10,47,1281.59,340,7.23,111,2.36,314,140,44.59,135,45,33.33,20,15,75.0,160,3.4,83,1.77,27,0.57,104,35
Keon Ellis,SAC,24,25,49,1071.67,378,7.71,62,1.27,264,126,47.73,184,80,43.48,53,46,86.79,119,2.43,69,1.41,37,0.76,90,41
Isaiah Joe,OKC,39,8,47,989.24,460,9.79,65,1.38,368,162,44.02,287,115,40.07,28,21,75.0,119,2.53,33,0.7,6,0.13,73,21
Julian Strawther,DEN,33,19,52,1143.56,481,9.25,70,1.35,396,171,43.18,219,79,36.07,73,60,82.19,111,2.13,35,0.67,14,0.27,125,44
Charles Bassey,SAS,14,18,32,345.78,147,4.59,14,0.44,110,63,57.27,0,0,,33,21,63.64,146,4.56,12,0.38,29,0.91,44,22
Kyshawn George,WAS,8,38,46,1183.62,363,7.89,100,2.17,342,124,36.26,237,73,30.8,55,42,76.36,174,3.78,41,0.89,29,0.63,137,59
Keldon Johnson,SAS,20,26,46,1088.9,545,11.85,63,1.37,446,202,45.29,170,51,30.0,117,90,76.92,211,4.59,27,0.59,11,0.24,66,38
Dwight Powell,DAL,18,15,33,250.55,49,1.48,23,0.7,18,14,77.78,1,1,100.0,30,20,66.67,59,1.79,12,0.36,15,0.45,38,7
Jaden Springer,BOS,19,7,26,140.96,45,1.73,10,0.38,34,12,35.29,19,6,31.58,21,15,71.43,24,0.92,12,0.46,1,0.04,17,4
Alex Caruso,OKC,24,7,31,594.84,172,5.55,75,2.42,170,66,38.82,100,29,29.0,14,11,78.57,86,2.77,56,1.81,15,0.48,60,20
Alex Len,SAC,19,17,36,257.61,52,1.44,30,0.83,41,22,53.66,6,1,16.67,13,7,53.85,64,1.78,8,0.22,18,0.5,35,11
Trey Lyles,SAC,20,21,41,803.74,265,6.46,39,0.95,226,90,39.82,153,52,33.99,44,33,75.0,190,4.63,26,0.63,19,0.46,50,23
Baylor Scheierman,BOS,8,1,9,54.34,9,1.0,4,0.44,17,3,17.65,12,1,8.33,2,2,100.0,13,1.44,2,0.22,0,0.0,6,0
Peyton Watson,DEN,29,19,48,1159.34,388,8.08,72,1.5,297,140,47.14,94,32,34.04,101,76,75.25,165,3.44,41,0.85,59,1.23,80,43
Dario Šarić,DEN,5,8,13,191.71,49,3.77,22,1.69,54,18,33.33,24,6,25.0,10,7,70.0,47,3.62,7,0.54,1,0.08,18,14
Anthony Gill,WAS,5,31,36,208.33,66,1.83,7,0.19,44,22,50.0,15,5,33.33,28,17,60.71,29,0.81,6,0.17,2,0.06,18,6
Drew Peterson,BOS,10,4,14,126.59,38,2.71,11,0.79,25,12,48.0,19,8,42.11,7,6,85.71,27,1.93,2,0.14,2,0.14,12,5
Jalen Williams,OKC,38,10,48,1568.72,1009,21.02,244,5.08,824,390,47.33,235,81,34.47,190,148,77.89,263,5.48,85,1.77,37,0.77,117,107
Alex Sarr,WAS,5,36,41,1097.74,470,11.46,90,2.2,448,178,39.73,189,58,30.69,87,56,64.37,272,6.63,27,0.66,64,1.56,97,57
Justin Champagnie,WAS,7,25,32,600.49,249,7.78,30,0.94,190,97,51.05,92,35,38.04,31,20,64.52,144,4.5,31,0.97,20,0.62,59,25
Trey Alexander,DEN,10,6,16,69.35,14,0.88,6,0.38,19,5,26.32,9,2,22.22,2,2,100.0,4,0.25,1,0.06,1,0.06,6,1
Vlatko Čančar,DEN,1,3,4,34.48,9,2.25,0,0.0,7,4,57.14,2,1,50.0,0,0,,8,2.0,0,0.0,1,0.25,4,2
Spencer Dinwiddie,DAL,26,24,50,1253.45,515,10.3,187,3.74,396,163,41.16,199,68,34.17,142,121,85.21,121,2.42,45,0.9,10,0.2,74,55
Sandro Mamukelashvili,SAS,13,18,31,257.79,146,4.71,15,0.48,92,52,56.52,54,23,42.59,27,19,70.37,75,2.42,7,0.23,8,0.26,20,13
Naji Marshall,DAL,20,19,39,953.78,436,11.18,100,2.56,346,173,50.0,113,34,30.09,65,56,86.15,138,3.54,38,0.97,4,0.1,56,54
Alex Ducas,OKC,13,0,13,61.03,20,1.54,1,0.08,19,7,36.84,14,6,42.86,0,0,,13,1.0,1,0.08,0,0.0,4,2
Adam Flagler,OKC,17,2,19,81.29,24,1.26,0,0.0,47,9,19.15,38,6,15.79,0,0,,8,0.42,5,0.26,1,0.05,7,1
Kevin Huerter,SAC,22,21,43,899.35,338,7.86,74,1.72,310,128,41.29,205,62,30.24,28,20,71.43,120,2.79,36,0.84,16,0.37,70,37
Olivier-Maxence Prosper,DAL,22,19,41,403.68,142,3.46,29,0.71,124,49,39.52,41,9,21.95,56,35,62.5,97,2.37,19,0.46,5,0.12,22,13
Dillon Jones,OKC,26,6,32,284.84,66,2.06,29,0.91,76,24,31.58,41,7,17.07,19,11,57.89,65,2.03,6,0.19,3,0.09,32,13
Hunter Tyson,DEN,23,13,36,275.86,80,2.22,13,0.36,65,25,38.46,42,14,33.33,23,16,69.57,56,1.56,5,0.14,5,0.14,32,12
Carlton Carrington,WAS,9,42,51,1483.09,439,8.61,198,3.88,410,162,39.51,232,79,34.05,44,36,81.82,198,3.88,36,0.71,9,0.18,119,76
Johnny Davis,WAS,4,30,34,241.6,80,2.35,11,0.32,78,32,41.03,29,7,24.14,15,9,60.0,38,1.12,15,0.44,6,0.18,18,7
Zeke Nnaji,DEN,22,9,31,203.35,58,1.87,4,0.13,57,26,45.61,20,3,15.0,7,3,42.86,32,1.03,3,0.1,11,0.35,23,6
Jalen Pickett,DEN,16,6,22,207.33,60,2.73,37,1.68,55,24,43.64,28,11,39.29,1,1,100.0,22,1.0,5,0.23,2,0.09,13,8
Doug McDermott,SAC,16,15,31,260.07,106,3.42,4,0.13,85,36,42.35,72,31,43.06,5,3,60.0,17,0.55,4,0.13,1,0.03,27,5
Ajay Mitchell,OKC,29,6,35,576.92,225,6.43,59,1.69,172,86,50.0,53,22,41.51,37,31,83.78,69,1.97,24,0.69,3,0.09,59,28
Quentin Grimes,DAL,25,23,48,1097.71,494,10.29,103,2.15,374,174,46.52,206,82,39.81,83,64,77.11,181,3.77,32,0.67,11,0.23,80,62
JD Davison,BOS,5,0,5,23.6,6,1.2,1,0.2,5,2,40.0,3,1,33.33,2,1,50.0,2,0.4,1,0.2,0,0.0,1,6
Zion Williamson,NOP,4,11,15,425.62,349,23.27,74,4.93,257,133,51.75,11,2,18.18,125,81,64.8,118,7.87,18,1.2,17,1.13,41,47
Isaiah Jackson,IND,1,4,5,83.88,35,7.0,5,1.0,23,14,60.87,0,0,,14,7,50.0,28,5.6,3,0.6,8,1.6,14,5
Garrison Mathews,ATL,18,25,43,762.61,324,7.53,56,1.3,236,92,38.98,201,77,38.31,76,63,82.89,79,1.84,26,0.6,11,0.26,74,29
Drew Eubanks,UTA,8,31,39,588.42,221,5.67,45,1.15,149,91,61.07,5,3,60.0,57,36,63.16,174,4.46,10,0.26,32,0.82,47,31
Josh Green,CHO,11,34,45,1287.94,337,7.49,66,1.47,272,119,43.75,156,64,41.03,50,35,70.0,128,2.84,48,1.07,11,0.24,122,40
Quenton Jackson,IND,8,10,18,253.58,102,5.67,31,1.72,76,39,51.32,24,9,37.5,21,15,71.43,27,1.5,9,0.5,5,0.28,32,11
Jeenathan Williams,HOU,6,0,6,20.9,16,2.67,1,0.17,9,7,77.78,4,2,50.0,0,0,,3,0.5,2,0.33,1,0.17,1,1
James Johnson,IND,4,6,10,31.91,8,0.8,4,0.4,9,4,44.44,3,0,0.0,1,0,0.0,5,0.5,0,0.0,2,0.2,4,4
D.J. Carton,TOR,1,3,4,33.38,3,0.75,3,0.75,7,1,14.29,3,0,0.0,1,1,100.0,4,1.0,2,0.5,0,0.0,1,4
Yuki Kawamura,MEM,16,3,19,62.16,24,1.26,14,0.74,22,8,36.36,16,4,25.0,6,4,66.67,7,0.37,1,0.05,0,0.0,7,4
Jae'Sean Tate,HOU,23,9,32,364.49,125,3.91,29,0.91,96,47,48.96,22,6,27.27,37,25,67.57,69,2.16,20,0.62,2,0.06,59,13
Kyle Filipowski,UTA,8,32,40,716.37,244,6.1,71,1.78,189,92,48.68,75,23,30.67,60,37,61.67,192,4.8,21,0.52,6,0.15,74,40
Aaron Holiday,HOU,22,14,36,409.39,152,4.22,43,1.19,124,52,41.94,83,31,37.35,19,17,89.47,34,0.94,13,0.36,4,0.11,38,17
Wendell Moore,DET,3,10,13,182.61,58,4.46,18,1.38,41,21,51.22,11,3,27.27,14,13,92.86,42,3.23,8,0.62,3,0.23,13,8
Keon Johnson,BRK,18,32,50,1154.21,502,10.04,95,1.9,479,181,37.79,249,75,30.12,83,65,78.31,175,3.5,45,0.9,17,0.34,124,61
Paul Reed,DET,12,17,29,284.41,125,4.31,29,1.0,92,49,53.26,18,6,33.33,25,21,84.0,73,2.52,31,1.07,16,0.55,49,14
Daniss Jenkins,DET,2,2,4,8.32,0,0.0,0,0.0,4,0,0.0,4,0,0.0,0,0,,0,0.0,0,0.0,0,0.0,1,1
Reggie Jackson,PHI,11,20,31,383.99,136,4.39,45,1.45,133,52,39.1,74,25,33.78,9,7,77.78,42,1.35,16,0.52,3,0.1,34,17
Johnny Furphy,IND,17,15,32,233.12,62,1.94,9,0.28,55,21,38.18,32,11,34.38,9,9,100.0,33,1.03,9,0.28,6,0.19,24,9
Alec Burks,MIA,14,12,26,419.82,149,5.73,28,1.08,112,46,41.07,84,36,42.86,26,21,80.77,54,2.08,15,0.58,5,0.19,18,9
Jaren Jackson,MEM,21,10,31,873.64,670,21.61,55,1.77,488,240,49.18,158,55,34.81,165,135,81.82,184,5.94,45,1.45,53,1.71,100,65
Collin Gillespie,PHO,3,3,6,24.01,13,2.17,3,0.5,7,4,57.14,2,1,50.0,5,4,80.0,5,0.83,0,0.0,1,0.17,3,0
Mac McClung,ORL,0,1,1,4.88,0,0.0,2,2.0,0,0,,0,0,,0,0,,1,1.0,0,0.0,0,0.0,0,0
Damion Lee,PHO,4,10,14,83.1,44,3.14,8,0.57,44,14,31.82,21,3,14.29,13,13,100.0,13,0.93,4,0.29,0,0.0,4,5
Jevon Carter,CHI,7,17,24,173.01,90,3.75,21,0.88,74,32,43.24,52,20,38.46,8,6,75.0,22,0.92,7,0.29,1,0.04,8,8
Jordan McLaughlin,SAC,14,14,28,189.82,53,1.89,24,0.86,44,16,36.36,26,10,38.46,16,11,68.75,21,0.75,11,0.39,0,0.0,13,11
Tidjane Salaün ,CHO,5,22,27,521.03,134,4.96,30,1.11,140,45,32.14,90,27,30.0,24,17,70.83,113,4.19,16,0.59,6,0.22,37,23
Jazian Gortman,DAL,8,8,16,56.59,24,1.5,6,0.38,23,9,39.13,11,4,36.36,4,2,50.0,5,0.31,2,0.12,1,0.06,9,5
Trevelin Queen,ORL,9,14,23,350.25,109,4.74,32,1.39,112,41,36.61,59,16,27.12,13,11,84.62,40,1.74,24,1.04,8,0.35,36,20
David Roddy,ATL,9,18,27,346.32,122,4.52,30,1.11,93,44,47.31,43,16,37.21,22,18,81.82,70,2.59,12,0.44,8,0.3,18,20
Alex Reese,OKC,1,0,1,1.88,2,2.0,0,0.0,1,1,100.0,0,0,,0,0,,1,1.0,0,0.0,0,0.0,0,0
Jaylen Martin,BRK,2,1,3,4.71,3,1.0,0,0.0,2,1,50.0,1,1,100.0,0,0,,0,0.0,0,0.0,0,0.0,1,0
Keaton Wallace,ATL,10,14,24,416.33,138,5.75,55,2.29,123,52,42.28,65,23,35.38,11,11,100.0,35,1.46,22,0.92,8,0.33,31,28
Mouhamed Gueye,ATL,1,5,6,90.8,40,6.67,2,0.33,42,18,42.86,19,2,10.53,3,2,66.67,27,4.5,7,1.17,6,1.0,5,1
Yongxi Cui,BRK,2,3,5,10.32,3,0.6,0,0.0,7,1,14.29,3,0,0.0,2,1,50.0,2,0.4,0,0.0,0,0.0,0,0
Dariq Miller-Whitehead,BRK,1,3,4,27.76,18,4.5,1,0.25,11,6,54.55,10,6,60.0,0,0,,3,0.75,3,0.75,1,0.25,1,3
Larry Nance,ATL,6,9,15,290.75,143,9.53,24,1.6,94,55,58.51,50,26,52.0,8,7,87.5,64,4.27,16,1.07,11,0.73,23,11
RJ Barrett,TOR,14,27,41,1364.58,885,21.59,233,5.68,709,333,46.97,215,75,34.88,220,144,65.45,272,6.63,33,0.8,13,0.32,105,124
Steven Adams,HOU,22,13,35,441.16,132,3.77,39,1.11,90,52,57.78,0,0,,62,28,45.16,181,5.17,10,0.29,17,0.49,38,33
Kessler Edwards,DAL,11,11,22,193.34,29,1.32,13,0.59,31,11,35.48,17,4,23.53,3,3,100.0,38,1.73,6,0.27,6,0.27,21,4
Colby Jones,SAC,10,14,24,129.79,26,1.08,7,0.29,26,11,42.31,10,4,40.0,0,0,,23,0.96,6,0.25,7,0.29,13,7
Isaac Jones,SAC,11,14,25,218.25,91,3.64,8,0.32,58,38,65.52,4,1,25.0,26,14,53.85,38,1.52,3,0.12,8,0.32,26,12
Brandon Williams,DAL,8,9,17,120.12,47,2.76,19,1.12,40,16,40.0,15,5,33.33,13,10,76.92,13,0.76,3,0.18,0,0.0,7,10
Jamal Cain,NOP,3,17,20,251.91,74,3.7,11,0.55,63,26,41.27,35,10,28.57,18,12,66.67,48,2.4,9,0.45,7,0.35,24,9
Pat Spencer,GSW,8,12,20,154.39,63,3.15,31,1.55,60,26,43.33,12,2,16.67,13,9,69.23,30,1.5,9,0.45,2,0.1,13,12
Reece Beekman,GSW,7,13,20,216.79,45,2.25,31,1.55,50,18,36.0,18,4,22.22,9,5,55.56,15,0.75,13,0.65,2,0.1,11,10
Brandon Boston,NOP,3,26,29,748.28,342,11.79,82,2.83,289,128,44.29,106,37,34.91,61,49,80.33,99,3.41,43,1.48,7,0.24,51,42
Johnny Juzang,UTA,10,24,34,597.76,244,7.18,33,0.97,201,83,41.29,143,56,39.16,25,22,88.0,89,2.62,12,0.35,5,0.15,67,16
Adama Sanogo,CHI,2,2,4,21.49,8,2.0,1,0.25,7,4,57.14,0,0,,0,0,,6,1.5,0,0.0,0,0.0,1,1
Trey Jemison,NOP,6,15,21,207.54,45,2.14,11,0.52,39,18,46.15,0,0,,25,9,36.0,61,2.9,8,0.38,10,0.48,37,13
Sidy Cissoko,SAS,8,9,17,54.42,22,1.29,6,0.35,18,9,50.0,7,3,42.86,6,1,16.67,10,0.59,1,0.06,0,0.0,6,2
Tyrese Martin,BRK,9,25,34,720.88,272,8.0,59,1.74,249,99,39.76,153,53,34.64,30,21,70.0,134,3.94,13,0.38,5,0.15,39,44
Torrey Craig,CHI,3,6,9,112.87,62,6.89,5,0.56,45,22,48.89,35,15,42.86,4,3,75.0,25,2.78,2,0.22,1,0.11,15,0
Cam Reddish,LAL,15,16,31,560.34,103,3.32,23,0.74,86,37,43.02,45,13,28.89,26,16,61.54,62,2.0,31,1.0,10,0.32,43,12
Liam Robbins,MIL,8,5,13,56.97,9,0.69,2,0.15,8,2,25.0,2,0,0.0,10,5,50.0,12,0.92,2,0.15,2,0.15,9,6
Colin Castleton,MEM,9,1,10,46.03,14,1.4,0,0.0,10,2,20.0,4,0,0.0,11,10,90.91,9,0.9,1,0.1,1,0.1,6,1
Luke Travers,CLE,5,1,6,41.56,8,1.33,5,0.83,7,3,42.86,3,0,0.0,2,2,100.0,6,1.0,1,0.17,1,0.17,3,2
Ja'Kobe Walter,TOR,10,23,33,637.63,255,7.73,48,1.45,229,93,40.61,110,34,30.91,50,35,70.0,79,2.39,22,0.67,7,0.21,63,26
Malevy Leons,OKC,6,0,6,20.96,2,0.33,1,0.17,2,0,0.0,1,0,0.0,4,2,50.0,3,0.5,0,0.0,0,0.0,4,1
PJ Dozier,MIN,7,2,9,34.92,7,0.78,5,0.56,3,2,66.67,3,2,66.67,6,1,16.67,5,0.56,1,0.11,0,0.0,3,1
DeAndre Jordan,DEN,25,12,37,432.35,132,3.57,30,0.81,90,60,66.67,0,0,,29,12,41.38,168,4.54,10,0.27,17,0.46,45,27
Svi Mykhailiuk,UTA,5,15,20,386.04,199,9.95,37,1.85,171,70,40.94,124,43,34.68,21,16,76.19,49,2.45,14,0.7,5,0.25,26,31
Taj Gibson,CHO,7,14,21,229.59,52,2.48,11,0.52,50,22,44.0,2,1,50.0,12,7,58.33,72,3.43,7,0.33,10,0.48,32,13
Bones Hyland,LAC,8,12,20,221.9,144,7.2,28,1.4,115,45,39.13,80,31,38.75,26,23,88.46,24,1.2,18,0.9,4,0.2,26,24
Spencer Jones,DEN,7,1,8,19.83,5,0.62,0,0.0,7,2,28.57,5,1,20.0,0,0,,4,0.5,2,0.25,0,0.0,2,1
Nick Smith,CHO,2,12,14,124.59,44,3.14,10,0.71,49,17,34.69,27,9,33.33,2,1,50.0,11,0.79,4,0.29,1,0.07,8,3
Kobe Brown,LAC,9,11,20,158.98,53,2.65,14,0.7,47,23,48.94,16,4,25.0,4,3,75.0,45,2.25,3,0.15,2,0.1,14,6
Josh Minott,MIN,20,11,31,215.53,80,2.58,13,0.42,68,32,47.06,29,7,24.14,11,9,81.82,33,1.06,12,0.39,10,0.32,27,7
Rob Dillingham,MIN,15,12,27,314.08,153,5.67,63,2.33,131,64,48.85,52,22,42.31,7,3,42.86,30,1.11,9,0.33,0,0.0,26,36
Jeff Green,HOU,8,6,14,145.28,57,4.07,3,0.21,39,21,53.85,24,8,33.33,9,7,77.78,18,1.29,3,0.21,1,0.07,14,4
Terrence Shannon,MIN,7,3,10,45.49,15,1.5,5,0.5,13,7,53.85,3,1,33.33,0,0,,2,0.2,2,0.2,1,0.1,1,3
Luka Garza,MIN,15,5,20,103.5,68,3.4,2,0.1,55,27,49.09,18,5,27.78,12,9,75.0,26,1.3,2,0.1,1,0.05,14,6
Jordan Miller,LAC,15,14,29,370.06,142,4.9,31,1.07,126,54,42.86,36,8,22.22,33,26,78.79,52,1.79,15,0.52,5,0.17,21,22
Richaun Holmes,WAS,3,11,14,195.14,68,4.86,15,1.07,46,27,58.7,2,0,0.0,18,14,77.78,65,4.64,2,0.14,8,0.57,18,5
Josh Richardson,MIA,4,4,8,149.5,32,4.0,12,1.5,38,11,28.95,22,6,27.27,4,4,100.0,12,1.5,8,1.0,1,0.12,17,8
Dominick Barlow,ATL,4,11,15,119.11,42,2.8,3,0.2,38,17,44.74,11,4,36.36,8,4,50.0,23,1.53,3,0.2,7,0.47,9,1
Jaylen Nowell,NOP,1,7,8,168.09,67,8.38,18,2.25,73,26,35.62,27,8,29.63,11,7,63.64,20,2.5,1,0.12,4,0.5,9,8
Jared Rhoden,CHO,1,3,4,11.65,4,1.0,2,0.5,8,2,25.0,2,0,0.0,0,0,,4,1.0,1,0.25,0,0.0,1,1
Paul George,PHI,14,18,32,1023.1,537,16.78,143,4.47,459,197,42.92,209,78,37.32,79,65,82.28,171,5.34,55,1.72,12,0.38,82,84
KJ Simpson,CHO,2,17,19,342.05,118,6.21,43,2.26,129,41,31.78,57,12,21.05,30,24,80.0,43,2.26,13,0.68,4,0.21,29,20
Luke Kennard,MEM,27,11,38,841.95,369,9.71,131,3.45,262,124,47.33,174,83,47.7,43,38,88.37,111,2.92,25,0.66,3,0.08,28,41
Christian Koloko,LAL,19,9,28,237.29,59,2.11,12,0.43,42,27,64.29,2,0,0.0,6,5,83.33,60,2.14,7,0.25,8,0.29,31,7
Markieff Morris,DAL,5,2,7,40.67,12,1.71,4,0.57,22,5,22.73,13,2,15.38,0,0,,8,1.14,1,0.14,1,0.14,2,2
David Duke,SAS,0,1,1,8.2,3,3.0,2,2.0,4,1,25.0,1,0,0.0,2,1,50.0,0,0.0,0,0.0,0,0.0,1,0
Riley Minix,SAS,0,1,1,6.75,0,0.0,0,0.0,1,0,0.0,1,0,0.0,0,0,,2,2.0,0,0.0,0,0.0,0,0
Harrison Ingram,SAS,0,2,2,10.52,0,0.0,0,0.0,2,0,0.0,1,0,0.0,0,0,,2,1.0,0,0.0,0,0.0,1,0
Jack McVeigh,HOU,5,1,6,21.42,8,1.33,1,0.17,11,3,27.27,8,2,25.0,0,0,,4,0.67,0,0.0,1,0.17,1,1
Shaedon Sharpe,POR,20,24,44,1339.73,765,17.39,105,2.39,635,283,44.57,270,86,31.85,140,113,80.71,168,3.82,36,0.82,10,0.23,80,83
Stanley Umude,MIL,12,7,19,59.93,12,0.63,2,0.11,20,4,20.0,11,2,18.18,4,2,50.0,14,0.74,3,0.16,2,0.11,6,2
Isaiah Collier,UTA,10,32,42,964.82,271,6.45,232,5.52,278,112,40.29,90,19,21.11,44,28,63.64,122,2.9,34,0.81,8,0.19,91,114
Robert Williams,POR,7,11,18,318.17,102,5.67,20,1.11,68,43,63.24,3,1,33.33,17,15,88.24,108,6.0,11,0.61,31,1.72,28,17
Josh Okogie,PHO,11,21,32,499.14,220,6.88,24,0.75,167,79,47.31,65,25,38.46,51,37,72.55,96,3.0,40,1.25,15,0.47,39,25
Matt Ryan,NYK,13,4,17,61.87,25,1.47,1,0.06,27,9,33.33,16,5,31.25,2,2,100.0,7,0.41,2,0.12,0,0.0,1,3
Jalen Hood-Schifino,LAL,2,0,2,14.14,4,2.0,1,0.5,1,1,100.0,0,0,,2,2,100.0,1,0.5,0,0.0,1,0.5,3,1
Maxwell Lewis,LAL,4,4,8,30.46,7,0.88,2,0.25,7,3,42.86,1,1,100.0,0,0,,2,0.25,1,0.12,0,0.0,1,2
Devin Vassell,SAS,14,20,34,1031.96,549,16.15,102,3.0,480,208,43.33,221,79,35.75,72,54,75.0,123,3.62,40,1.18,17,0.5,54,54
Kevin Love,MIA,12,7,19,206.91,104,5.47,19,1.0,99,35,35.35,58,21,36.21,19,13,68.42,77,4.05,14,0.74,2,0.11,17,13
Trey Murphy,NOP,2,17,19,644.31,384,20.21,46,2.42,292,132,45.21,158,57,36.08,71,63,88.73,86,4.53,20,1.05,13,0.68,44,33
Kenrich Williams,OKC,32,8,40,578.22,221,5.52,42,1.05,183,87,47.54,91,32,35.16,17,15,88.24,131,3.28,25,0.62,5,0.12,61,23
Mason Jones,SAC,2,3,5,27.87,14,2.8,9,1.8,12,6,50.0,6,1,16.67,2,1,50.0,8,1.6,0,0.0,0,0.0,1,1
Joel Embiid,PHI,8,7,15,448.39,369,24.6,66,4.4,260,118,45.38,57,18,31.58,131,115,87.79,121,8.07,12,0.8,15,1.0,34,48
Chris Livingston,MIL,10,3,13,58.62,14,1.08,1,0.08,13,5,38.46,4,0,0.0,6,4,66.67,20,1.54,4,0.31,0,0.0,4,5
TyTy Washington,PHO,0,3,3,26.7,8,2.67,4,1.33,6,3,50.0,3,2,66.67,0,0,,1,0.33,2,0.67,0,0.0,0,1
Bol Bol,PHO,4,11,15,108.03,56,3.73,5,0.33,40,21,52.5,21,6,28.57,12,8,66.67,24,1.6,1,0.07,5,0.33,3,7
Jalen Bridges,PHO,0,5,5,25.11,4,0.8,0,0.0,4,1,25.0,4,1,25.0,2,1,50.0,3,0.6,0,0.0,0,0.0,0,4
Vince Williams,MEM,1,2,3,44.83,16,5.33,9,3.0,19,7,36.84,8,1,12.5,4,1,25.0,11,3.67,0,0.0,2,0.67,9,7
E.J. Liddell,CHI,2,4,6,30.5,15,2.5,3,0.5,8,5,62.5,6,3,50.0,2,2,100.0,5,0.83,1,0.17,0,0.0,8,2
Orlando Robinson,SAC,9,8,17,152.11,51,3.0,16,0.94,45,17,37.78,10,1,10.0,22,16,72.73,38,2.24,6,0.35,3,0.18,22,10
Armel Traoré,LAL,5,4,9,66.68,14,1.56,1,0.11,19,6,31.58,7,0,0.0,7,2,28.57,15,1.67,4,0.44,2,0.22,6,3
Mohamed Bamba,LAC,12,4,16,205.43,61,3.81,11,0.69,58,23,39.66,27,6,22.22,13,9,69.23,60,3.75,8,0.5,19,1.19,33,10
Trendon Watford,BRK,9,8,17,282.95,139,8.18,23,1.35,113,50,44.25,32,9,28.12,37,30,81.08,52,3.06,8,0.47,5,0.29,37,22
JT Thor,CLE,8,1,9,42.48,28,3.11,1,0.11,15,9,60.0,6,3,50.0,8,7,87.5,6,0.67,2,0.22,3,0.33,6,6
PJ Hall,DEN,9,3,12,34.67,11,0.92,2,0.17,10,4,40.0,4,0,0.0,4,3,75.0,13,1.08,0,0.0,1,0.08,5,1
Malcolm Brogdon,WAS,6,15,21,506.71,275,13.1,83,3.95,215,94,43.72,51,16,31.37,82,71,86.59,83,3.95,11,0.52,5,0.24,29,34
Kobe Bufkin,ATL,6,4,10,123.64,53,5.3,17,1.7,47,18,38.3,19,4,21.05,18,13,72.22,21,2.1,3,0.3,2,0.2,9,8
Tristen Newton,IND,1,5,6,9.35,3,0.5,1,0.17,6,1,16.67,3,0,0.0,1,1,100.0,1,0.17,0,0.0,0,0.0,3,1
Isaiah Hartenstein,OKC,27,4,31,907.01,357,11.52,128,4.13,272,152,55.88,13,0,0.0,81,53,65.43,371,11.97,26,0.84,34,1.1,89,55
Elfrid Payton,NOP,0,7,7,143.76,47,6.71,48,6.86,46,23,50.0,1,0,0.0,2,1,50.0,24,3.43,10,1.43,3,0.43,10,20
Moses Brown,IND,3,6,9,45.57,29,3.22,0,0.0,20,13,65.0,0,0,,5,3,60.0,13,1.44,2,0.22,1,0.11,6,6
Cam Spencer,MEM,8,2,10,120.78,40,4.0,16,1.6,30,13,43.33,16,5,31.25,9,9,100.0,17,1.7,3,0.3,1,0.1,11,5
Taze Moore,POR,0,2,2,19.85,6,3.0,1,0.5,10,2,20.0,4,1,25.0,2,1,50.0,8,4.0,2,1.0,0,0.0,0,2
Alondes Williams,DET,0,1,1,3.72,5,5.0,1,1.0,2,2,100.0,1,1,100.0,0,0,,0,0.0,0,0.0,0,0.0,0,0
Cole Swider,DET,0,2,2,13.09,0,0.0,1,0.5,5,0,0.0,5,0,0.0,0,0,,2,1.0,0,0.0,0,0.0,1,0
Justin Edwards,PHI,8,14,22,525.27,178,8.09,31,1.41,143,67,46.85,88,33,37.5,17,11,64.71,68,3.09,17,0.77,7,0.32,46,19
Kristaps Porziņģis,BOS,16,11,27,770.9,517,19.15,55,2.04,367,173,47.14,163,66,40.49,126,105,83.33,189,7.0,21,0.78,44,1.63,76,27
Branden Carlson,OKC,14,3,17,99.92,48,2.82,6,0.35,36,17,47.22,28,12,42.86,2,2,100.0,27,1.59,2,0.12,6,0.35,11,2
Ausar Thompson,DET,16,14,30,618.06,257,8.57,56,1.87,204,105,51.47,32,7,21.88,65,40,61.54,149,4.97,47,1.57,13,0.43,80,40
Justin Minaya,POR,1,5,6,17.62,0,0.0,2,0.33,1,0,0.0,0,0,,0,0,,3,0.5,1,0.17,0,0.0,3,0
Micah Potter,UTA,8,14,22,380.29,82,3.73,16,0.73,69,28,40.58,55,20,36.36,7,6,85.71,84,3.82,5,0.23,9,0.41,28,14
Oscar Tshiebwe,UTA,1,2,3,45.95,14,4.67,0,0.0,6,4,66.67,0,0,,8,6,75.0,20,6.67,4,1.33,0,0.0,10,1
Jae Crowder,SAC,2,5,7,91.54,20,2.86,4,0.57,17,6,35.29,12,3,25.0,6,5,83.33,17,2.43,3,0.43,0,0.0,10,4
Day'Ron Sharpe,BRK,9,21,30,520.16,241,8.03,46,1.53,189,97,51.32,30,6,20.0,53,41,77.36,181,6.03,22,0.73,19,0.63,64,36
Keshad Johnson,MIA,5,5,10,56.97,16,1.6,3,0.3,12,7,58.33,4,1,25.0,6,1,16.67,17,1.7,1,0.1,4,0.4,5,3
Daishen Nix,MIN,3,0,3,13.23,1,0.33,3,1.0,1,0,0.0,1,0,0.0,2,1,50.0,4,1.33,0,0.0,0,0.0,1,4
Mark Williams,CHO,4,19,23,575.34,358,15.57,57,2.48,239,140,58.58,1,0,0.0,100,78,78.0,221,9.61,15,0.65,27,1.17,59,23
Trentyn Flowers,LAC,0,2,2,15.75,9,4.5,0,0.0,9,4,44.44,2,0,0.0,1,1,100.0,4,2.0,0,0.0,0,0.0,3,1
Cam Christie,LAC,2,3,5,28.58,6,1.2,2,0.4,9,2,22.22,6,1,16.67,2,1,50.0,6,1.2,2,0.4,0,0.0,2,2
DaQuan Jeffries,CHO,3,15,18,325.48,97,5.39,21,1.17,85,36,42.35,48,17,35.42,9,8,88.89,53,2.94,13,0.72,7,0.39,36,10
Precious Achiuwa,NYK,21,9,30,614.06,196,6.53,31,1.03,152,83,54.61,21,8,38.1,36,22,61.11,175,5.83,31,1.03,23,0.77,49,25
Khris Middleton,MIL,12,11,23,533.94,290,12.61,102,4.43,211,108,51.18,86,35,40.7,46,39,84.78,85,3.7,17,0.74,5,0.22,52,37
Kelly Olynyk,TOR,6,18,24,382.81,171,7.12,56,2.33,118,59,50.0,43,19,44.19,43,34,79.07,89,3.71,16,0.67,8,0.33,59,35
Isaiah Wong,CHO,2,16,18,225.64,96,5.33,26,1.44,89,32,35.96,29,9,31.03,32,23,71.88,30,1.67,10,0.56,0,0.0,19,15
Bryce McGowens,POR,4,4,8,20.53,13,1.62,1,0.12,7,4,57.14,2,0,0.0,6,5,83.33,1,0.12,1,0.12,0,0.0,2,3
Quincy Olivari,LAL,1,1,2,10.3,3,1.5,1,0.5,5,1,20.0,5,1,20.0,0,0,,0,0.0,0,0.0,0,0.0,0,1
Isiah Crawford,SAC,1,0,1,5.23,0,0.0,0,0.0,0,0,,0,0,,0,0,,1,1.0,0,0.0,0,0.0,1,0
Max Strus,CLE,18,6,24,595.63,204,8.5,71,2.96,171,73,42.69,135,51,37.78,9,7,77.78,104,4.33,15,0.62,9,0.38,48,24
Leonard Miller,MIN,5,1,6,15.49,10,1.67,0,0.0,8,2,25.0,3,0,0.0,6,6,100.0,9,1.5,1,0.17,0,0.0,2,2
Jaylin Williams,OKC,19,4,23,392.81,135,5.87,56,2.43,125,49,39.2,86,27,31.4,10,10,100.0,130,5.65,10,0.43,16,0.7,41,17
A.J. Lawson,TOR,1,3,4,15.03,11,2.75,0,0.0,8,4,50.0,5,2,40.0,3,1,33.33,3,0.75,0,0.0,0,0.0,0,0
Landry Shamet,NYK,13,6,19,197.45,52,2.74,8,0.42,52,21,40.38,31,9,29.03,4,1,25.0,15,0.79,8,0.42,2,0.11,13,7
Tristan Vukcevic,WAS,2,9,11,76.9,43,3.91,9,0.82,37,16,43.24,19,5,26.32,9,6,66.67,18,1.64,1,0.09,1,0.09,10,5
Josh Christopher,MIA,4,4,8,27.59,6,0.75,4,0.5,7,2,28.57,1,0,0.0,4,2,50.0,3,0.38,0,0.0,1,0.12,1,4
Quinten Post,GSW,4,9,13,183.74,92,7.08,23,1.77,77,34,44.16,47,17,36.17,7,7,100.0,44,3.38,2,0.15,3,0.23,25,7
Bruce Brown,TOR,8,10,18,352.67,151,8.39,28,1.56,131,57,43.51,36,11,30.56,29,26,89.66,68,3.78,17,0.94,3,0.17,26,19
Trey Murphy III,NOP,6,10,16,592.78,410,25.62,67,4.19,272,136,50.0,142,58,40.85,89,80,89.89,90,5.62,22,1.38,14,0.88,38,23
Kelly Oubre Jr.,PHI,7,12,19,719.74,320,16.84,46,2.42,261,123,47.13,71,20,28.17,70,54,77.14,149,7.84,37,1.95,9,0.47,56,25
Michael Porter Jr.,DEN,16,6,22,698.66,427,19.41,32,1.45,303,159,52.48,150,64,42.67,56,45,80.36,142,6.45,11,0.5,13,0.59,31,26
Derrick Jones Jr.,LAC,10,10,20,520.31,223,11.15,17,0.85,168,91,54.17,57,19,33.33,32,22,68.75,84,4.2,21,1.05,9,0.45,39,18
Ricky Council IV,PHI,7,14,21,365.68,166,7.9,33,1.57,138,59,42.75,65,22,33.85,34,26,76.47,58,2.76,13,0.62,2,0.1,22,17
Mo Bamba,LAC,6,6,12,147.05,67,5.58,5,0.42,45,25,55.56,23,9,39.13,12,8,66.67,60,5.0,1,0.08,9,0.75,16,9
Pete Nance,PHI,3,4,7,68.42,15,2.14,3,0.43,15,5,33.33,12,4,33.33,2,1,50.0,10,1.43,1,0.14,0,0.0,10,0
Tidjane Salaün,CHO,4,5,9,143.76,43,4.78,8,0.89,42,15,35.71,23,6,26.09,11,7,63.64,35,3.89,5,0.56,2,0.22,11,8
Craig Porter Jr.,CLE,10,3,13,108.52,46,3.54,12,0.92,27,18,66.67,8,6,75.0,5,4,80.0,13,1.0,4,0.31,4,0.31,5,7
Brandon Boston Jr.,NOP,5,7,12,229.48,95,7.92,10,0.83,84,35,41.67,29,9,31.03,20,16,80.0,33,2.75,8,0.67,1,0.08,19,8
Patrick Baldwin Jr.,WAS,0,9,9,42.06,20,2.22,1,0.11,13,7,53.85,10,6,60.0,0,0,,10,1.11,1,0.11,0,0.0,1,3
Isaiah Crawford,SAC,2,1,3,8.86,3,1.0,0,0.0,3,1,33.33,1,0,0.0,2,1,50.0,3,1.0,0,0.0,0,0.0,0,0
Kevin Porter Jr.,LAC,9,9,18,336.96,148,8.22,63,3.5,146,62,42.47,34,8,23.53,25,16,64.0,61,3.39,15,0.83,4,0.22,24,22
Lindy Waters III,GSW,5,9,14,231.15,77,5.5,10,0.71,73,28,38.36,53,17,32.08,6,4,66.67,34,2.43,5,0.36,5,0.36,16,8
Jaren Jackson Jr.,MEM,13,5,18,578.0,478,26.56,53,2.94,342,174,50.88,107,43,40.19,118,87,73.73,115,6.39,18,1.0,26,1.44,64,42
Gary Trent Jr.,MIL,9,8,17,415.53,182,10.71,23,1.35,138,64,46.38,95,45,47.37,10,9,90.0,42,2.47,16,0.94,1,0.06,26,7
Xavier Tillman Sr.,BOS,3,3,6,31.29,2,0.33,1,0.17,5,1,20.0,3,0,0.0,0,0,,2,0.33,3,0.5,2,0.33,1,3
Andre Jackson Jr.,MIL,10,9,19,300.89,83,4.37,27,1.42,59,36,61.02,17,8,47.06,5,3,60.0,65,3.42,10,0.53,6,0.32,32,14
Scotty Pippen Jr.,MEM,13,5,18,338.5,133,7.39,66,3.67,104,46,44.23,42,14,33.33,40,27,67.5,58,3.22,27,1.5,6,0.33,51,25
Dereck Lively II,DAL,2,5,7,164.97,75,10.71,22,3.14,48,34,70.83,0,0,,9,7,77.78,57,8.14,1,0.14,14,2.0,22,7
Jaime Jaquez Jr.,MIA,8,11,19,479.03,195,10.26,67,3.53,146,68,46.58,36,13,36.11,59,46,77.97,91,4.79,20,1.05,6,0.32,28,28
Wendell Carter Jr.,ORL,5,14,19,507.23,201,10.58,47,2.47,160,72,45.0,51,12,23.53,60,45,75.0,139,7.32,20,1.05,7,0.37,59,23
Jabari Smith Jr.,HOU,1,0,1,22.83,12,12.0,0,0.0,8,5,62.5,2,1,50.0,2,1,50.0,2,2.0,2,2.0,1,1.0,1,2
Tim Hardaway Jr.,DET,12,7,19,585.47,231,12.16,31,1.63,180,73,40.56,118,47,39.83,49,38,77.55,51,2.68,11,0.58,3,0.16,25,14
Nick Smith Jr.,CHO,6,11,17,441.35,201,11.82,43,2.53,182,78,42.86,99,36,36.36,10,9,90.0,51,3.0,7,0.41,4,0.24,25,27
Wendell Moore Jr.,DET,4,3,7,35.95,5,0.71,5,0.71,9,2,22.22,3,1,33.33,0,0,,2,0.29,2,0.29,0,0.0,2,1
Devin Carter,SAC,9,7,16,157.92,59,3.69,21,1.31,61,19,31.15,31,8,25.81,18,13,72.22,40,2.5,5,0.31,3,0.19,14,8
Kawhi Leonard,LAC,8,5,13,324.79,210,16.15,33,2.54,183,85,46.45,58,21,36.21,25,19,76.0,59,4.54,11,0.85,7,0.54,14,25
TyTy Washington Jr.,PHO,0,1,1,0.9,0,0.0,0,0.0,0,0,,0,0,,0,0,,0,0.0,0,0.0,0,0.0,0,0
Tosan Evbuomwan,BRK,5,13,18,443.25,180,10.0,30,1.67,143,66,46.15,45,14,31.11,47,34,72.34,74,4.11,12,0.67,7,0.39,35,30
Dariq Whitehead,BRK,1,3,4,28.4,18,4.5,0,0.0,14,6,42.86,11,5,45.45,3,1,33.33,2,0.5,0,0.0,0,0.0,1,0
Alperen Şengün,HOU,9,4,13,409.19,263,20.23,67,5.15,210,104,49.52,16,5,31.25,83,50,60.24,142,10.92,18,1.38,5,0.38,38,29
Bobi Klintman,DET,2,1,3,7.58,0,0.0,1,0.33,2,0,0.0,1,0,0.0,0,0,,2,0.67,0,0.0,0,0.0,2,0
Jaylen Clark,MIN,8,2,10,115.76,48,4.8,5,0.5,34,16,47.06,17,8,47.06,10,8,80.0,15,1.5,3,0.3,1,0.1,16,1
RayJ Dennis,IND,4,2,6,11.39,5,0.83,1,0.17,3,1,33.33,3,1,33.33,2,2,100.0,3,0.5,2,0.33,0,0.0,1,2
Elijah Harkless,UTA,1,8,9,135.05,32,3.56,8,0.89,35,11,31.43,25,7,28.0,6,3,50.0,21,2.33,10,1.11,1,0.11,17,3
Daeqwon Plowden,ATL,1,1,2,32.72,24,12.0,0,0.0,10,8,80.0,8,6,75.0,2,2,100.0,5,2.5,0,0.0,0,0.0,5,1
Gary Payton II,GSW,6,6,12,172.86,78,6.5,17,1.42,57,30,52.63,19,6,31.58,14,12,85.71,41,3.42,6,0.5,2,0.17,28,14
GG Jackson II,MEM,8,1,9,158.41,89,9.89,8,0.89,79,32,40.51,40,11,27.5,17,14,82.35,35,3.89,5,0.56,2,0.22,9,13
Emoni Bates,CLE,5,0,5,19.12,0,0.0,4,0.8,7,0,0.0,6,0,0.0,0,0,,0,0.0,0,0.0,0,0.0,2,0
Jarred Vanderbilt,LAL,6,0,6,94.3,21,3.5,9,1.5,18,9,50.0,4,1,25.0,4,2,50.0,41,6.83,11,1.83,1,0.17,13,4
Larry Nance Jr.,ATL,2,5,7,131.32,38,5.43,12,1.71,44,15,34.09,19,6,31.58,4,2,50.0,30,4.29,4,0.57,1,0.14,10,3
Kylor Kelley,DAL,1,3,4,54.3,18,4.5,1,0.25,9,7,77.78,0,0,,6,4,66.67,18,4.5,0,0.0,2,0.5,6,1
Dante Exum,DAL,1,3,4,74.61,46,11.5,13,3.25,34,17,50.0,12,5,41.67,10,7,70.0,5,1.25,3,0.75,0,0.0,6,5
Zyon Pullin,MEM,1,0,1,0.82,0,0.0,0,0.0,0,0,,0,0,,0,0,,0,0.0,0,0.0,0,0.0,0,0
David Duke Jr.,SAS,0,1,1,3.77,0,0.0,0,0.0,1,0,0.0,0,0,,0,0,,2,2.0,0,0.0,0,0.0,0,1
Vince Williams Jr.,MEM,1,0,1,12.98,4,4.0,2,2.0,5,2,40.0,0,0,,1,0,0.0,4,4.0,2,2.0,0,0.0,0,0
Jackson Rowe,GSW,0,2,2,29.23,6,3.0,2,1.0,8,2,25.0,7,2,28.57,2,0,0.0,6,3.0,2,1.0,0,0.0,4,0
Keion Brooks Jr.,NOP,0,1,1,2.77,0,0.0,0,0.0,0,0,,0,0,,0,0,,0,0.0,0,0.0,0,0.0,1,0
Terrence Shannon Jr. ,MIN,2,0,2,7.55,5,2.5,1,0.5,5,2,40.0,2,1,50.0,0,0,,0,0.0,0,0.0,0,0.0,0,0
Chuma Okeke,PHI,0,1,1,2.18,0,0.0,0,0.0,0,0,,0,0,,0,0,,1,1.0,0,0.0,0,0.0,0,0
